0|ʃalˈom uvʁuχˈim habaʔˈim leʔosˈim histˈoʁja. lˈama kˈol kˈaχ kaʃˈe liftˈoʁ ʔˈet beʔajˈat hahitχamemˈut haɡlobˈalit?
1|ʔˈim ʔatˈem ʁotsˈim laχˈuʃ ʔˈal bsaʁχˈem, ʔˈet haʃpaʔotˈav ʃˈel ʃinˈuj haʔaklˈim,
2|ʔanˈi matsˈia laχˈem liknˈot bˈajit beflˈoʁida. flˈoʁida hˈi lˈo hamakˈom habatuˈaχ bejotˈeʁ laɡˈuʁ bˈo.
3|hastatˈistika moχiχˈa ʃekvˈaʁ meʔˈaz ʔemtsˈa hamˈeʔa atʃˈa ʔesʁˈe,
4|flˈoʁida movilˈa ʔˈet ʔaʁtsˈot habʁˈit bemispˈaʁ ʔasonˈot hatˈeva ʃemitʁaχaʃˈim bˈa.
5|ʔejʁuʔˈej mˈezeɡ ʔavˈiʁ kitsonijˈim ɡoʁmˈim lenezakˈim behekˈef ʃˈel χamiʃˈa ʔˈad ʔasaʁˈa miljaʁdˈej dolˈaʁim.
6|lˈama ʃenitˈen lektsˈat ɡˈeʃem lehafʁˈia lˈanu laɡˈuʁ kaʁˈov ledˈisnilend?
7|ʔˈim habˈajit ʃelˈanu jipaɡˈa misufˈa χazakˈa, meʔˈaz ʃnˈat ʔalpˈajim uʃmonˈa ʔesʁˈe niʁʃˈemet ʔazivˈa muʔˈetset ʃˈel χavaʁˈot bitˈuaχ ʔˈet hamedinˈa, vehaχavaʁˈot ʃeʔadˈajin poʔalˈot beʃˈuk habitˈuaχ ʃˈel flˈoʁida,
8|notˈot lehaχaʁˈiɡ ʔasonˈot tˈeva mehakisujˈim ʃelahˈen.
9|ʔˈo lehaʔalˈot ʔˈet hameχˈiʁ bemidˈa maʃmaʔutˈit. zinkˈu hapʁˈamijot ʃˈel bituχˈej habatˈim beflˈoʁida.
10|lesχˈum ʃˈel lemˈaʔla mˈi ʃˈeʃet alafˈim, dˈolaʁ leʃanˈa.
11|pˈi ʃloʃˈa mehamemutsˈa beʔaʁtsˈot habʁˈit. hˈi haʔalijˈa hadʁamˈatit bemispˈaʁ ʔejʁuʔˈej mˈezeɡ haʔavˈiʁ hakitsonijˈim
12|ʃemitʁaχaʃˈim bamedinˈa baχamˈeʃ haʃanˈim haʔaχʁonˈot.
13|totsaʔˈa jeʃiʁˈa ʃˈel hahitχamemˈut haɡlobˈalit. haʔalijˈa betempeʁatˈuʁot hamˈajim baʔokijˈanosim.
14|meviʔˈa leχˈaχ ʃehasufˈot ʃepoɡʔˈot beflˈoʁida, hamemutsˈa bamedinˈa hajˈa ʃnˈej ʔejʁuʔˈej kitsˈon beʃanˈa
15|kajˈom medubˈaʁ ʔˈal χamiʃˈa ʔejʁuʔˈim ʃekaʔˈele. ʔatˈid laχzˈoʁ ʔˈal ʔatsmˈo ɡˈam beʔezoʁˈim ʁabˈim ʔaχeʁˈim beʁaχavˈej haʔolˈam.
16|ʔanˈi batˈuaχ ʃeʔanˈi lˈo mamˈaʃ maftˈia ʔetχˈem, haʁˈej kvˈaʁ ʔasʁˈot ʃanˈim ʃeʔanˈaχnu ʃomʔˈim ʔˈal hasakanˈa ʃemetsivˈa bfanˈenu.
17|haʔalijˈa hanikˈeʁet beʁikˈuz hapaχmˈan haduχmtsanˈi baʔatmosfˈeʁa.
18|ɡˈaz ʃeniflˈat meʔejnsfˈoʁ mitknˈej taʔasijˈa ʃesoʁfˈim peχˈam, nˈeft veɡˈaz.
19|vepoltˈim ʔˈet totsʁˈej hasʁefˈa laʔavˈiʁ. ɡˈam ʔˈim hajˈinu matsliχˈim bedˈeʁeχ nˈes.
20|laʔatsˈoʁ laχalutˈin ʔˈet kˈol plitˈot hapaχmˈan hadˈu χamtsanˈi baʔolˈam.
21|lejatsˈeʁ ʔenˈeʁɡija ʁˈak mimekoʁˈot mitχadʃˈim, lisɡˈoʁ ʔˈet kˈol hamifʔalˈim hamezahamˈim.
22|velehaχalˈif ʔˈet kˈol menoʔˈej habenzˈin vehadˈizel. ʔadˈajin lˈo hajˈa beχˈaχ dˈaj.
23|beχdˈej livlˈom ʔˈet hahitχamemˈut haɡlobˈalit. kedˈej leɡalˈot ʔˈet hatʃuvˈa laʃeʔelˈa hazˈo.
24|bemˈeʃeχ ʁˈov ʃnˈot hahistˈoʁja, hadeʔˈa hamekubˈelet hajtˈa ʃˈel hapeʔilˈut haʔenoʃˈit.
25|jˈeʃ haʃpaʔˈa mesujˈemet ʔˈal mˈezeɡ haʔavˈiʁ, lemaʃˈal hanisajˈon hamitstabˈeʁ heʁʔˈa ʃenikˈuz bitsˈot vekʁitˈa masˈivit ʃˈel jeʔaʁˈot.
26|ʔasujˈim leʃanˈot ʔˈet miʃtˈaʁ haʁuχˈot vekamujˈot haɡʃamˈim beʔotˈo ʔezˈoʁ.
27|ʔavˈal hahaʃpaʔˈa hazˈo, ɡaʁsˈa hasvaʁˈa hamekubˈelet, hajˈa haʁiʃˈon ʃebeʔˈelef ʃmonˈa meʔˈot tiʃʔˈim vaʃˈeʃ,
28|heʔelˈa ʔˈet haʔefʃaʁˈut ʃelivnˈej haʔadˈam davkˈa ʔasujˈa lihjˈot haʃpaʔˈa ʔaʁukˈat tvˈaχ.
29|ʃehapaχmˈan hadˈu χamtsanˈi ʃeniflˈat laʔatmosfˈeʁa beʔikvˈot sʁefˈat pˈaχam,
30|ʔˈaf ʔeχˈad lˈo mamˈaʃ lakˈaχ ʔotˈo biʁtsinˈut. haʔuvdˈa ʃehapaχmˈan hadˈu χamtsanˈi baʔatmosfˈeʁa.
31|mesuɡˈal liχlˈo bemeʁχaʔˈot χˈom velimnˈoa mimˈeno livʁˈoaχ bekadˈuʁ haʔˈaʁets ʔˈel haχalˈal.
32|hafizikˈaʔi hatsaʁfatˈi ʒˈan batˈist ʒozˈef foʁijˈe.
33|kˈama ʔenˈeʁɡija mekabˈel koχˈav halˈeχet ʃelˈanu mehaʃˈemeʃ, vekˈama mehaʔenˈeʁɡija hazˈo hˈu makʁˈin baχazaʁˈa laχalˈal.
34|ʃelefˈi kamˈut haʔˈoʁ ʃenofˈelet ʔˈal kadˈuʁ haʔˈaʁets, minˈus ʃmˈona ʔesʁˈe maʔalˈot bememutsˈa.
35|hatempeʁatˈuʁa hamemutsˈaʔat ʔˈal pnˈej kadˈuʁ haʔˈaʁets ɡvˈoha jotˈeʁ bemidˈa maʃmaʔutˈit.
36|ʃeχajˈav lihjˈot manɡenˈon kˈolʃehu ʃemonˈea mikadˈuʁ haʔˈaʁets lehitkaʁˈeʁ.
37|ʃezˈe kaniʁʔˈe tsaʁˈiχ lihjˈot kaʃˈuʁ beʔˈofen kˈolʃehu laʔatmosfˈeʁa ʃemekifˈa ʔˈet koχˈav halˈeχet ʃelˈanu.
38|meχkʁˈej hemʃˈeχ ʃeʔaʁχˈu χokʁˈim ʔaχeʁˈim χolˈef dˈeʁeχ haʔatmosfˈeʁa lelˈo hafʁaʔˈot mejuχadˈot.
39|vemeχamˈem ʔˈet hakˈaʁka veʔˈet haʔokijˈanosim. ɡoʁˈemet lahˈem lehafˈik kʁinˈa ʔˈinfʁa ʔadumˈa.
40|kʁinˈa betˈedeʁ namˈuχ jotˈeʁ mizˈe ʃˈel haʔˈoʁ haniʁʔˈe.
41|ʔozˈevet ʔˈet kadˈuʁ haʔˈaʁets veniflˈetet ʔˈel heχalˈal. ʔavˈal beʔˈod ʃehaχankˈan vehaχamtsˈan.
42|ʃnˈej haɡˈazim hanefotsˈim bejotˈeʁ baʔatmosfˈeʁa ʃelˈanu ʃkufˈim jaχasˈit lʔˈoʁ haʔˈinfʁa adˈom?
43|ʔedˈej mˈajim, metʔˈan vepaχmˈan dˈu χamtsanˈi.
44|bolʔˈim ʔˈet haʔˈoʁ haʔˈinfʁa ʔadˈom bijilˈut ʁabˈa.
45|kemˈo smiχˈa ʔavˈa ʃeʃomˈeʁet ʔˈal kadˈuʁ haʔˈaʁets mibˈen ʃlˈoʃet haɡˈazim ʃetoʁmˈim leʔefˈekt haχamamˈa.
46|ʁikˈuz haʔedˈim jaχˈol lehaɡˈiʔa liχedˈej ʃaloʃˈa ʔaχuzˈim, mehavˈe kˈe ʔˈefes nekudˈa ʔˈefes ʃalˈoʃ ʔaχuzˈim bilvˈad.
47|kemˈi ʃeʔasˈuj lehavˈi leʔalijˈat hatempeʁatˈuʁa. hatʃuvˈa tmunˈa bemanɡenˈon maʃˈov nistˈaʁ.
48|ʃemaɡbˈiʁ ʔˈet haʃpaʔatˈo ʃˈel hapaχmˈan hadˈu χamtsanˈi ʔˈal hahitχamemˈut haɡlobˈalit.
49|bemidˈa lˈo pʁopoʁtsjonˈalit bejˈaχas lakamˈut ʃelˈo baʔatmosfˈeʁa.
50|kʃeʔanˈaχnu mosifˈim paχmˈan dˈu χamtsanˈi laʔavˈiʁ, ʔanˈaχnu maɡbiʁˈim ʔˈet ʔefˈekt χamamˈa.
51|ʔavˈal kamˈut ʔedˈej hamˈajim baʔatmosfˈeʁa mistabˈeʁ muʃpˈaʔat bemidˈa dʁamˈatit miʃinujˈim zeʔiʁˈim ʃekaʔˈele batempeʁatˈuʁa.
52|hitχamemˈut ʃˈel maʔalˈa bodˈedet lemaʃˈal, maɡbiʁˈa ʔˈet hahitʔadˈut baʔokjˈanosim.
53|vemaʔalˈa ʔˈet ʃiʔˈuʁ ʔedˈej hamˈajim, ʔedˈej hamˈajim meʃamʃˈim kemeʔˈen maɡbˈeʁ lehaʃpaʔatˈo ʃˈel hapaχmˈan hadˈu χamtsanˈi.
54|beʔotˈo haʔˈofen ʃebˈo jadˈit ktanˈa ʃemezˈiz mafʔˈil dˈi nˈajin.
55|ɡoʁˈemet lakˈaf haɡdolˈa vehakvedˈa ʃˈel hadaχpˈoʁ laʔalˈot velaʁˈedet.
56|kˈaχ ɡˈam ʃinujˈim ktanˈim jaχasˈit bekamˈut hapaχmˈan hadˈu χamtsanˈi.
57|ɡoʁmˈim leʃinujˈim ɡdolˈim bekamˈut ʔedˈej hamˈajim baʔatmosfˈeʁa.
58|ʃebetoʁˈam maʃpiʔˈim ʔˈal ʔefˈekt haχamamˈa. zˈo hajtˈa tovanˈa meʁatˈeket veχaʃuvˈa meʔˈen kmotˈa.
59|ʔavˈal kaʔamˈuʁ, lˈo ʁabˈim bakehilˈa hamadaʔˈit heskˈimu ʔˈim masknotˈav ʃˈel haʁˈenjus.
60|ʃemedidˈot ʃˈel ʃinujˈej tempeʁatˈuʁa vekamujˈot ɡʃamˈim ʃeneʔeʁχˈu bemʁutsˈat hamˈeʔa hatʃˈa ʔesʁˈe,
61|lˈo jiʁʔˈu ʔˈejzoʃehi meɡamˈa ʔaʁukˈat tvˈaχ banetunˈim haʔˈele.
62|ʔedujˈot ɡeʔolˈoɡijot hetsbˈiʔu ʔˈal kˈaχ, ʔolamˈenu χavˈa kamˈa veχamˈa ʔepizˈodot.
63|χazaʁˈa hadʁaɡatˈit letempeʁatˈuʁa metunˈa. mikejvˈan ʃeleʔˈoʁeχ ʁubˈa hamaχʁˈia ʃˈel hatkufˈa hazˈo,
64|lˈo hajˈu beχadˈuʁ haʔˈaʁets maspˈik bnˈej ʔadˈam, kedˈej ʃejuχlˈu lehaʃpˈia ʔˈal haʔaklˈim.
65|lˈo kʃuʁˈim klˈal lapeʔilˈut haʔenoʃˈit. mˈi ʃepaʁˈats ʔˈet maχsˈom hasafkanˈut.
66|bemakbˈil laʔavodatˈo hajomjomˈit kemehandˈes, kˈalendaʁ hikdˈiʃ ʃaʔˈot ʔaʁukˈot lanosˈe ʃeʔoʁˈeʁ meʔˈod ʔˈet sakʁanutˈo.
67|ʔasˈaf kˈalendaʁ netunˈim ʁabˈim mitaχanˈot medidˈa beχˈol ʁaχavˈej haʔolˈam.
68|tempeʁatˈuʁa, ʁuχˈot, zʁamˈim veχadomˈe, vekʃehˈu heʃvˈa ʔˈet hanetunˈim haʔˈele leʁiʃumˈim histˈoʁijim,
69|hˈu ɡilˈa ʃebeʃlˈoʃet haʔasoʁˈim haʁiʃonˈim ʃˈel hamˈeʔa haʔesʁˈim,
70|ʔaltˈa baχˈetsi meʔˈal hatmimˈa. kʃekˈalendaʁ baχˈan ʔˈet hasibˈot haʔefʃaʁijˈot laʔalijˈa hazˈo,
71|ʔalˈa ɡˈam ʁikˈuz hapaχmˈan hadˈu χamtsanˈi baʔatmosfˈeʁa, kemˈo savˈante ʔaʁenijˈus lefanˈav,
72|ɡˈam maskenotˈav ʃˈel kˈalendaʁ zaχˈu batχilˈa lehitʔalmˈut mitsˈad hakehilˈa hamadaʔˈit.
73|hajˈa ʔomnˈam ʔeχˈad hamumχˈim haɡdolˈim bevʁitˈanja lemenoʔˈej kitˈoʁ.
74|lˈo jotˈeʁ meʔaʃˈeʁ χovevˈan nilhˈav. leχˈol ʔˈoʁeχ ʃnˈot haʔaʁbaʔˈim vehaχamiʃˈim,
75|hˈu piʁsˈem maʔamaʁˈim umeχkaʁˈim nosafˈim ʃebeniɡˈud leʔˈele ʃˈel ʔaʁhˈenjus.
76|hajˈu meɡubˈim bemdidˈot venetunˈim ʔamitijˈim mehaʃˈetaχ.
77|velaχˈen ɡˈam hajˈa haʁbˈe jotˈeʁ kaʃˈe lehitvakˈeaχ ʔitˈa. heχˈelu jotˈeʁ vejotˈeʁ χokʁˈim leʔamˈets ʔˈet maskenotˈav ʃˈel kˈalendaʁ.
78|bidvˈaʁ hakˈeʃeʁ ʃebˈen haʔalijˈa beʁamˈat hapaχmˈan hadˈu χamtsanˈi baʔavˈiʁ,
79|ʃejotˈeʁ vejotˈeʁ ʔanaʃˈim hajˈu muχanˈim liʃkˈol biʁtsinˈut.
80|ʔˈet haʔefʃaʁˈut ʃekadˈuʁ haʔˈaʁets mitχamˈem ketotsaʔˈa mipeʔilutˈam ʃˈel bnˈej haʔadˈam.
81|hajˈa nidmˈe ʃeʃˈum davˈaʁ ʃeʔanˈaχnu, bnˈej haʔadˈam haktanˈim vehaχalaʃˈim, ʔosˈim,
82|lˈo jihjˈe mesuɡˈal lehaʃpˈia ʔˈal haʔaklˈim ʃˈel haʔotsmˈa haʔadiʁˈa ʃˈel ptsatsˈot haʔatˈom.
83|vehahˈeʁes haʔadˈiʁ ʃehotˈiʁa ʔaχaʁˈeha milχˈemet haʔolˈam haʃnijˈa,
84|ɡaʁmˈu latsibˈuʁ liʃkˈol meχadˈaʃ, haʁafˈiaχ masˈivi ʃeʔafˈaf ʔˈet lˈondon.
85|vehevˈi lemotˈam ʃˈel lefaχˈot, ʔaʁbˈat alafˈim bnˈej ʔadˈam.
86|hovˈilu ʔˈet haχokʁˈim livχˈon biʁtsinˈut ʁabˈa jotˈeʁ.
87|ʔˈet jeχasˈej haɡomlˈin ʃebˈen bnˈej haʔadˈam vehasvivˈa benosʔˈim keɡˈon.
88|zihˈum ʔavˈiʁ, zihˈum kˈaʁka, ɡˈeʃem χumtsˈi vehitpotsetsˈut ʔoχlusˈin.
89|ʔavˈal ʔˈim hapaχmˈan hadˈu χamtsanˈi hˈu zˈe ʃeʔaχʁaʔˈi lemeɡamˈat hahitχamemˈut,
90|mˈa ɡoʁˈem laʔalijˈa beʁikˈuz hapaχmˈan hadˈu χamtsanˈi milkatχˈila?
91|lamʁˈot ʃehamedidˈot heʁʔˈu beveʁˈuʁ ʃehatempeʁatˈuʁa hamemutsˈaʔat beχadˈuʁ haʔˈaʁets ʔolˈa ʔˈim hazmˈan,
92|hajˈu ʔadˈajin χokʁˈim ʁabˈim ʃeʃiʔaʁˈu haʔalijˈa beʁamˈat hapaχmˈan hadˈu χamtsanˈi baʔatmosfˈeʁa,
93|tovˈil dˈavka lehitkaʁeʁˈut. niʃlˈat ʔˈal jedˈej ʔˈosef ʃˈel hamˈon manɡenonˈej maʃˈov ʃonˈim.
94|ʃepoʔalˈim beχivunˈim menuɡadˈim zˈe lazˈe.
95|beʔˈod ʃeʔalijˈa beʁamˈat hapaχmˈan hadˈu χamtsanˈi movilˈa, kfˈi ʃeʁaʔˈinu kˈodem, laʔalijˈa beχamˈut ʔedˈej hamˈajim baʔatmosfˈeʁa velehitχamemˈut muʔˈetset.
96|peʁuʃˈam ɡˈam jotˈeʁ ʔananˈim levanˈim ʃemaχaziʁˈim ʔˈet ʔˈoʁ haʃˈemeʃ, monʔˈim mimˈeno lehaɡˈia ʔˈel hakˈaʁka.
97|vebeχˈaχ ɡoʁmˈim dˈavka lehitkaʁeʁˈut. mˈi biχlˈal ʔamˈaʁ ʃehitχamemˈut ʃˈel haʔaklˈim hˈi beheχʁˈaχ davˈaʁ ʁˈa?
98|kolˈel ʔaʁhˈenjus vekˈalendaʁ ʔatsmˈam, ʁaʔˈu bahitχamemˈut haɡlobˈalit dˈavka hitpatχˈut mevoʁˈeχet.
99|ʔasujˈa lehovˈil leʔafʃaʁˈat kaʁkaʔˈot kfuʔˈot baʔezoʁˈim hatsfonijˈim, ʃekaʁˈeɡa ʔˈi ʔefʃˈaʁ lenatsˈel leʃˈem χaklaʔˈut.
100|veʔulˈaj ɡˈam tidχˈe beχˈama ʔalfˈej ʃanˈim ʔˈet hofaʔatˈo ʃˈel ʔidˈan kˈeʁaχ χadˈaʃ.
101|ʁˈak biʃnˈot haʃivʔˈim vehaʃmonˈim, beʔikvˈot hofaʔatˈam ʃˈel modˈelim memuχʃavˈim medujakˈim,
102|heχˈel lehitɡabˈeʃ hakontsˈenzus bekˈeʁev haχokʁˈim ʃehaʔalijˈa beʁamˈat hapaχmˈan hadˈu χamtsanˈi baʔatmosfˈeʁa,
103|tovˈil bevadaʔˈut lehitχamemˈut, ʔasujˈa lihjˈot haʃpaʔˈa katastʁofˈalit.
104|ʔˈet ʔazhaʁotehˈem ʃemumχˈej haʔaklˈim. ʔomnˈam jidaʁʃˈu ʔˈod ʔesʁˈot ʃanˈim ʔˈad ʃenatslˈiaχ lehiʃtalˈet ʔˈal beʔajˈat hapletˈot ʃˈel hapaχmˈan hadˈu χamtsanˈi,
105|ʔavˈal kvˈaʁ ʔaχʃˈav ʔefʃˈaʁ liʁʔˈot ʔˈet nitsanˈej haʃinˈuj.
106|hajˈa ʔˈefes nekudˈa ʃiʃˈa ʔaχuzˈim. kˈetsev haplitˈa ʃˈel paχmˈan dˈu χamtsanˈi,
107|keχˈol ʃejotˈeʁ vejotˈeʁ taʔasijˈot hofχˈot lejeʁukˈot jotˈeʁ.
108|ɡˈam ʔˈim hajˈinu matsliχˈim bedˈeʁeχ nˈes laʔatsˈoʁ laχalutˈin ʔˈet kˈol pletˈot hapaχmˈan hadˈu χamtsanˈi baʔolˈam,
109|biχdˈej livlˈom ʔˈet hahitχamemˈut haɡlobˈalit. bemeʔˈa veʔesʁˈim haʃanˈim ʃeχalfˈu.
110|meʔˈaz ʃehetsbˈia savˈante ʔaʁhˈenjus ʔˈal hakˈeʃeʁ ʃebˈen haʔalijˈa beʁamˈat hapaχmˈan hadˈu χamtsanˈi vehitχamemˈut kadˈuʁ haʔˈaʁets,
111|lˈo paχˈot mˈi ʃtˈajim nekudˈa ʃalˈoʃ ʃˈel paχmˈan dˈu χamtsanˈi.
112|lispˈoɡ beʔˈeʁeχ kemaχatsˈit mehakamˈut hazˈo, ʔavˈal zˈe ʔadˈajin maʃʔˈiʁ lanˈu jotˈeʁ mitʁiljˈon tˈonot ʃˈel ɡˈaz.
113|ʃeʔˈim lˈo naʔasˈe ʃˈum davˈaʁ kedˈej lehotsˈi ʔotˈo mehaʔatmosfˈeʁa.
114|ɡˈam ʔanˈi ʃamˈaʔti ensfˈoʁ peʔamˈim masbiʁˈim lanˈu ʔˈal hasakanˈa ʃetmunˈa bahitχamemˈut haɡlobˈalit.
115|kʃeʔasˈiti ʔˈet hataχkˈiʁ lapˈeʁek hazˈe vekaʁˈati ʔˈet hamaʔamaʁˈim vehitʔamˈakti bastatˈistikot,
116|ʁˈak ʔaχʃˈav nafˈal lˈi haʔasimˈon. kˈol mˈi ʃeʔosˈek bemadˈa veteχnolˈoɡja bemˈeʃeχ hamˈon ʃanˈim,
117|lomˈed mahˈeʁ meʔˈod lihjˈot safkˈan leɡabˈej havtaχˈot ɡʁandijˈozijot venevuʔˈot zˈaʔam katastʁofˈali.
118|ʔˈejχ ʔefʃˈaʁ letakˈen ʔˈet mˈa ʃekilkˈalnu? ʔˈejχ ʔefʃˈaʁ lesalˈek jotˈeʁ mitʁiljˈon tˈonot?
119|ʃˈel paχmˈan dˈu χamtsanˈi mehaʔatmosfˈeʁa, ʃebimʁutsˈat hazmˈan zihˈu ʃnˈej ʔetɡaʁˈim maʃmaʔutijˈim ʃekʁuχˈim bˈa.
120|hˈu hotsaʔˈat hapaχmˈan hadˈu χamtsanˈi mehaʔavˈiʁ, levadˈe ʃehapaχmˈan hadˈu χamtsanˈi hazˈe.
121|lˈo jaχzˈoʁ beχazaʁˈa laʔatmosfˈeʁa beʔˈisland. hukˈam mamˈaʃ haʃanˈa, ʔalpˈajim ʔesʁˈim veʔˈaʁba.
122|hamifʔˈal haɡadˈol bejotˈeʁ baʔolˈam lesilˈuk paχmˈan dˈu χamtsanˈi mehaʔavˈiʁ.
123|meʔavʁeʁˈim ɡdolˈim, doχfˈim ʔavˈiʁ dˈeʁeχ masnenˈim mejuχadˈim.
124|ʃesofχˈim ʔalehˈem ʔˈet hapaχmˈan hadˈu χamtsanˈi betahalˈiχ ʃelˈo ʃonˈe behaʁbˈe beʔˈofen ʔekʁonˈi.
125|misinˈun ʃˈel ʔadamˈa ʔˈo mˈajim kedˈej leχalˈets mehˈem ɡaʁɡiʁˈej zahˈav.
126|haʔanalˈoɡja lesinˈun zahˈav neχonˈa bejotˈeʁ mimuvˈan ʔeχˈad.
127|kamˈut hapaχmˈan hadˈu χamtsanˈi baʔatmosfˈeʁa ʁˈak ʔaχˈat mitˈoχ keʔalpˈajim veχamˈeʃ meʔˈot mulˈekulot ʃˈel ʔavˈiʁ.
128|hˈi molˈekula ʃˈel paχmˈan dˈu χamtsanˈi, ʃebeʔotˈo haʔˈofen ʃebˈo tsaʁˈiχ lehaʃkˈia,
129|hamˈon ʔenˈeʁɡija kedˈej lesanˈen tˈonot ʃˈel ʔadamˈa veleχalˈets mehˈen kˈama ɡʁˈamim bodedˈim ʃˈel zahˈav.
130|kˈaχ tsaʁˈiχ lehaʃkˈia hamˈon ʔenˈeʁɡija besinˈun kamujˈot ɡdolˈot ʃˈel ʔavˈiʁ,
131|ʃehaʔenˈeʁɡija hanidʁˈeʃet leʃˈem hasinˈun lˈo jeχolˈa lehaɡˈia misʁefˈa ʃˈel nˈeft ʔˈo peχˈam.
132|ʃehaʁˈej sʁefˈa ʃekazˈo polˈetet beʔatsmˈa, paχmˈan dˈu χamtsanˈi, veʔˈaz ʔanˈaχnu dˈej joʁˈim leʔatsmˈenu baʁˈeɡel.
133|tihjˈe χajˈevet lehaɡˈia mimekoʁˈot bˈilti mitkalˈim, hˈi ʔadˈajin ʔinjˈan jakˈaʁ jaχasˈit.
134|ʔalˈut hafʔalatˈo ʃˈel hamifʔˈal haχadˈaʃ beʔˈisland hˈi keʔˈelef dˈolaʁ leχˈol tˈon ʃˈel paχmˈan dˈu χamtsanˈi.
135|ʁˈak biʃnˈat ʔalpˈajim ʔesʁˈim veʃtˈajim levadˈa, ʁˈak ʔˈet hapaχmˈan hadˈu χamtsanˈi ʃeniflˈat beʔalpˈajim ʔesʁˈim veʃtˈajim.
136|ʔaʁbaʔˈim tʁiljˈon dˈolaʁ, kamuvˈan ʃetahaliχˈej jeʔˈul kaʔˈele vaʔaχeʁˈim.
137|jozilˈu ʔˈet sinˈun hapaχmˈan hadˈu χamtsanˈi ʔˈim hazmˈan.
138|ʔavˈal ʔˈela ʔˈim taχˈul beʔatˈid pʁitsˈat dˈeʁeχ ʔamitˈit.
139|kaʃˈe liʁʔˈot kejtsˈad sinˈun ʃekazˈe jaχˈol liftˈoʁ ʔˈet beʔajˈat silˈuk hapaχmˈan mehaʔavˈiʁ.
140|kedˈej lesalˈek paχmˈan dˈu χamtsanˈi mehaʔavˈiʁ, keʃejˈeʃ mˈiʃehu ʃekvˈaʁ ʔosˈe ʔˈet zˈe biʃvilˈenu.
141|ʔanˈi batuˈaχ ʃeʔatˈem kvˈaʁ menaχaʃˈim ʔˈet hakavanˈa ʃelˈi, koltˈim paχmˈan dˈu χamtsanˈim mehaʔatmosfˈeʁa.
142|beʔemtsaʔˈut tahaliχˈej fotosintˈeza ʔˈo neʃimˈa taʔˈit,
143|hofχˈim ʔotˈo lesukˈaʁ ʃebˈo hˈem miʃtamʃˈim kedˈej livnˈot ʔˈet ɡufˈam, lehakˈim leʔatsmˈam tseʔetsaʔˈim veχadomˈe.
144|hajeʔaʁˈot vehaplantˈon mesalkˈim baʔˈofen hazˈe bˈen miljˈaʁd lemˈeʔa miljˈaʁd tˈonot ʃˈel paχmˈan dˈu χamtsanˈi.
145|jotˈeʁ meʔaʃˈeʁ kamˈut hapaχmˈan hadˈu χamtsanˈi ʃebnˈej haʔadˈam poltˈim.
146|lˈo neʔelmˈa kamuvˈan miʔenehˈem ʃˈel peʔilˈej hasvivˈa. beʔalpˈajim veʃmonˈa ʔesʁˈe huʃˈak pʁojˈekt benleʔumˈi beʃˈem.
147|ʃesˈam leʔatsmˈo lemataʁˈa latˈaʔat, haχiʃuvˈim maʁʔˈim ʃetʁiljˈon ʔetsˈim.
148|kematˈajim miljˈaʁd tˈonot ʃˈel paχmˈan dˈu χamtsanˈi beχˈol ʃanˈa.
149|kˈol tʁiljˈon umˈaʃehu hatˈonot ʃˈel ɡˈaz ʃenifletˈu laʔatmosfˈeʁa meʔˈaz hamahapeχˈa hataʔasijatˈit,
150|χamˈeʃ ʔˈad ʔˈeseʁ ʃanˈim bilvˈad. ʔˈaz naχˈon, bekadˈuʁ haʔˈaʁets jˈeʃ ʔekʁonˈit maspˈik ʃˈetaχ panˈuj.
151|ʔavˈal kˈal liʁʔˈot ʃenetijˈat kamˈut ɡdolˈa kˈol kˈaχ ʃˈel ʔetsˈim,
152|hˈi lˈo ʔinjˈan zˈol ʔˈo paʃˈut lebitsˈua. beʃˈeʃet haʃanˈim ʃeχalfˈu meʔˈaz hivasdˈo,
153|lataʔˈat beʔˈeʁeχ ʔaʁbaʔˈa ʔasˈaʁ miljˈaʁd ʔetsˈim. zˈe niʃmˈa haʁbˈe, vezˈe beʔemˈet haʁbˈe.
154|ʔavˈal zˈe besˈaχ hakˈol ʔeχˈd vaχˈetsi ʔaχuzˈim beʔˈeʁeχ.
155|mehakamˈut ʃeʔanˈaχnu tsʁiχˈim liʃʔˈof ʔelˈeha. niχʁetˈu beχadˈuʁ haʔˈaʁets beʔˈeʁeχ mˈeʔa miljˈaʁd ʔetsˈim.
156|pˈi ʃiʃˈa vejotˈeʁ meʔaʃˈeʁ niʃtelˈu. ʔafˈilu lˈo habeʔajˈa haɡdolˈa beʔemˈet.
157|hapaχmˈan hadˈu χamtsanˈi ʃeneʔesˈaf bamifʔˈal beʔˈisland, ʃeχodˈeʁ leʔˈomek ʃˈel kilomˈeteʁ letˈoχ haʔadamˈa.
158|halˈaχats vehaχˈom baʔˈomek hazˈe, ʃˈam hˈu jaχˈol lehiʃaʔˈeʁ kavˈuʁ mitˈaχat laʔadamˈa.
159|bemˈeʃeχ meʔˈot ʔalfˈej, ʔulˈaj ʔafˈilu miljonˈej ʃanˈim.
160|kaʃˈe laʔasˈof ʔˈet hapaχmˈan hadˈu χamtsanˈi mehaʔavˈiʁ.
161|ʔˈaz hˈu niʃʔˈaʁ mekubˈa betˈoχ haʔadamˈa, jˈeʃ lanˈu ʔˈet habeʔajˈa hahafuχˈa.
162|ʔomnˈam ʔosfˈim ʔˈet hapaχmˈan hadˈu χamtsanˈi beχinˈam, ʔavˈal baʁˈeɡa ʃehaʔˈets ʔˈo haplˈankton metˈim,
163|veʔˈaz hapaχmˈan hadˈu χamtsanˈi ʃehˈem ʔasfˈu, ɡˈam ʔˈim ʃatˈalnu tʁiljˈon ʔetsˈim.
164|vehapaχmˈan ʃelahˈem jipalˈet beχazaʁˈa laʔavˈiʁ, lˈo jaχzˈoʁ beχazaʁˈa laʔatmosfˈeʁa.
165|ʔˈel hamezikˈim vehasʁefˈot ʔanˈaχnu jeχolˈim liʃtˈol jˈaʔaʁ hajˈom.
166|ʔavˈal ʔˈaf ʔeχˈad lˈo ʔomˈeʁ lanˈu ʃebeʔˈod χamiʃˈim ʃanˈa lˈo javˈo mˈiʃehu ʃejiʁtsˈe lefanˈot makˈom leʃχunˈa χadaʃˈa ʔˈo mifʔˈal χadˈaʃ.
167|vejiχʁˈot ʔˈet kˈol hajˈaʔaʁ hazˈe, levadˈe ʃehapaχmˈan hadˈu χamtsanˈi ʃesilˈaknu,
168|kaʔavˈoʁ kamˈa ʔasʁˈot ʃanˈim bilvˈad. hoʔalˈu kamˈa veχˈama pitʁonˈot ʔefʃaʁijˈim labeʔajˈa hazˈot.
169|lemaʃˈal livnˈot mitknˈej ʔiχsˈun ɡdolˈim veʔatumˈim.
170|ʔˈo laχfˈoʁ boʁˈot ɡdolˈim baʔadamˈa, haʔalujˈot ʃekʁuχˈot bekvuʁˈa ʃˈel miljaʁdˈej tˈonot ʃˈel χˈomeʁ ʔoʁɡˈani,
171|hˈi likbˈoʁ bameʁχaʔˈot ʔˈet haχˈomeʁ haʔoʁɡˈani, lidχˈos ʔˈet haɡˈaz ʔˈal hajabaʃˈa veʔˈaz lehazʁˈik ʔotˈo leʔˈomek ʃˈel keʔˈelef, mˈetʁim mitˈaχat lamˈajim. hapaχmˈan hadˈu χamtsanˈi kavˈed jotˈeʁ mehamˈajim veʔasˈuj lehiʃaʔˈeʁ baʔˈomek bemˈeʃeχ ʔalfˈej ʃanˈim.
172|hˈi lisfˈoaχ ʔˈet hapaχmˈan hadˈu χamtsanˈi beʔemtsaʔˈut ʃeɡdelˈot leʔˈoʁeχ χofˈej kalifˈoʁnija.
173|ʔasujˈot litsmˈoaχ bekˈetsev ʃˈel keχatsˈi mˈeteʁ beχˈol jˈom.
174|veʔˈaz lehaʃkˈia ʔˈet haʔatsˈot haʔˈele bekaʁkaʔˈit hajˈam.
175|habeʔajˈa hˈi ʃemeʔˈeveʁ laʔetɡˈaʁ hatˈeχni ʃˈel hazʁakˈat paχmˈan dˈu χamtsanˈi leʔˈomek hajˈam,
176|ʔˈo haʃkaʔˈat miljonˈej tˈonot ʃˈel ʔatsˈot bakaʁkaʔˈit.
177|ʔanˈaχnu lˈo mamˈaʃ jodʔˈim mˈa tihjˈe hahaʃpaʔˈa ʃˈel peʔulˈot kaʔˈele.
178|habˈajo tʃˈaʁ hamitkabˈel mipiʁolˈiza ʃˈel χˈomeʁ ʔoʁɡˈani.
179|vejaχˈol lehiʃamˈeʁ mitˈaχat laʔadamˈa bemˈeʃeχ ʔalfˈej ʃanˈim.
180|kˈal liʁʔˈot ʃehaʔalˈut hakolˈelet ʃˈel kibˈua miljaʁdˈej tˈonot ʃˈel paχmˈan baʃitˈa hazˈo, ʔadˈajin maɡiʔˈa letʁiljonˈej dolˈaʁim.
181|ʔotˈa habeʔajˈa ʃemeʃutˈefet lekˈol ʃitˈot haʔisˈuf vehakibˈua.
182|meviʔˈa ʔotˈanu lemˈa ʃehˈu haʔetɡˈaʁ haʃliʃˈi ʃˈel silˈuk paχmˈan hadˈu χamtsanˈi mehaʔavˈiʁ.
183|haʔanalˈoɡja ʃeʔosˈe kˈan ʔavnˈeʁ ɡʁˈos meʁamˈezet ʔˈal tʃuvˈa ʔefʃaʁˈit laʃeʔelˈa mˈi jeʃalˈem ʔˈet haχeʃbˈon.
184|kʃemedubˈaʁ bepinˈuj hahaʃpˈa mehaʁeχˈov ʃelˈanu, hakˈesef maɡˈia mehamisˈim ʃeʔanˈaχnu meʃalmˈim.
185|ʔˈaz ʔulˈaj hapitaʁˈon, ɡˈam bamikʁˈe hazˈe, ʔavnˈeʁ ɡʁˈos metsanˈen ʔˈet hahitlahavˈut ʃelˈa.
186|lemamˈen ʔˈet hapʁojˈektim haʃonˈim lesilˈuk paχmˈan hadˈu χamtsanˈi mehaʔatmosfˈeʁa.
187|dˈeʁeχ ʃemvusˈeset ʔˈal haʃitˈa hakalkalˈit hajeʔilˈa bejotˈeʁ ʃemukˈeʁet lanˈu hajˈom.
188|haʁaʔjˈon habsisˈi ʃemeʔaχoʁˈej haʃitˈa hazˈo, ʃenusχˈa bemisɡˈeʁet ʔamanˈat kijˈoto.
189|hˈu lahafˈoχ ʔˈet plitˈot hapaχmˈan hadˈu χamtsanˈi ʃeχevʁˈa ʔˈalef kiblˈa ʔiʃˈuʁ mehamemʃalˈa.
190|jiflˈot ʃnˈej tˈonot ʃˈel paχmˈan dˈu χamtsanˈi beχˈol ʃanˈa.
191|veʔulˈaj hiʃkˈia beteχnolˈoɡjot ʃepoltˈot paχˈot paχmˈan dˈu χamtsanˈi laʔavˈiʁ.
192|tˈon ʔeχˈad ʃˈel paχmˈan dˈu χamtsanˈi. haχevʁˈa maχazikˈa bejadˈa kʁˈedit ʃejaχˈol leʔafʃˈeʁ lˈa liflˈot.
193|kiblˈa ɡˈam kˈen ʔiʃˈuʁ liflˈot ʃnˈej tˈonot ʃˈel paχmˈan dˈu χamtsanˈi.
194|ʔavˈal bafˈoʔal polˈetet ʃloʃˈa tˈonot, ʔuvdˈa ʃemaʔamidˈa ʔotˈa besakanˈa lekabˈel knasˈot mehaʁeɡulˈatoʁ.
195|hapitʁˈon ʃehetsˈiʔa ʔamanˈat kijˈoto hˈu leʔafʃˈeʁ laχevʁˈa bˈet liʁχˈoʃ meχevʁˈa ʔˈalef ʔˈet hakʁˈedit haʔodˈef ʃelˈa.
196|tmuʁˈat meχˈiʁ ʃejikavˈa ʔˈal jedˈej klalˈej hahetseˈa vehabikˈuʃ hamekubalˈim baʃˈuk.
197|laχavaʁˈot jˈeʃ tamʁˈits kalkalˈi muvhˈak leʔamˈets ʔˈo lefatˈeaχ teχnolˈoɡjot lehafχatˈat plitˈot.
198|laʁˈevaχ mimeχiʁˈat hakʁˈeditim habˈilti neχutsˈim.
199|hamisχˈaʁ bepaχmˈan hˈu χadaʃˈot meʔulˈot, χadaʃˈot tovˈot bimjuχˈad ʔavuʁenˈu hajisʁaʔelˈim.
200|kemedinˈa ktanˈa vedalˈat maʃʔabˈim, hajeχˈolet ʃˈel jisʁaʔˈel litʁˈom bemejʃaʁˈim lepitʁˈon beʔajˈat hahitχamemˈut haɡlobˈalit,
201|hˈi zniχˈa beχˈol knˈe midˈa. plitˈot hapaχmˈan hadˈu χamtsanˈi bejisʁaʔˈel.
202|mehavˈot besˈaχ hakˈol ʔalpˈit mitˈoχ sˈaχ kˈol haplitˈot haɡlobˈalijot.
203|ubehinatˈen hamaʃbˈeʁ hakalkalˈi ʃeʔanˈaχnu dohaʁˈim ʔelˈav baʃanˈa haʔaχʁonˈa.
204|kaniʁʔˈe ʃelˈo nuχˈal lemamˈen pʁojˈektim ɡdolˈim lesilˈuk paχmˈan beʔatˈid haniʁʔˈe laʔˈajin.
205|kʃeboχanˈim ʔˈet hamispaʁˈim bemabˈat mefukˈaχ, jeχolˈim lehasˈot kedˈej litʁˈom lepitʁˈon beʔajˈat hitχamemˈut haɡlobˈalit.
206|mitˈoχ miχlˈol haʔetɡaʁˈim ʃemehavˈim ʔˈet beʔajˈat hahitχamemˈut haɡlobˈalit,
207|ʃebˈu lˈanu hajisʁaʔelˈim jˈeʃ ʔˈet hapotentsijˈal lehaʃpˈia ʔˈal pitʁˈon baʔajˈat haʔaklˈim.
208|kfˈi ʃeʁaʔˈinu naχˈon lehajˈom lebaʔajˈat hahitχamemˈut haɡlobˈalit,
209|ʃelˈo nuχˈal liftˈoʁ ʔˈet habeʔajˈa haʔatsumˈa hazˈo beʔezʁˈat teχnolˈoɡja kajˈemet.
210|ʃeʁˈak tsaʁˈiχ leʃanˈot ʔotˈa baktanˈa, zˈe ʔomˈeʁ ʃenitstaʁˈeχ pitʁonˈot χadaʃˈim.
211|pitʁonˈot mekoʁijˈim venoʔazˈim, hahistˈoʁja moχiχˈa ʃebejisʁaʔˈel jˈeʃ lˈo meʔˈat jazamˈim umamtsiʔˈim.
212|ʃemesuɡalˈim lesˈuɡ kazˈe ʃˈel χaʃivˈa mˈa ʃeʔomˈeʁ ʃeʔanˈaχnu hajisʁaʔelˈim.
213|jeχolˈim lehavˈot ɡoʁˈem maʃmaʔutˈi meʔˈod bamaʔavˈak kenˈeɡed hahitχamemˈut haɡlobˈalit.
214|beʔotˈo haʔˈofen ʃebˈo lepituχˈim jisʁeʔelˈim, keduɡmˈat hadˈisk onkˈi, ʔajsikjˈu, wˈajz vewˈatsʔap,
215|hajtˈa haʃpaʔˈa ʔadiʁˈa ʔˈal ʔolˈam hateχnolˈoɡja haɡlobˈalit.
216|madɡˈim ʔˈet hasˈuɡ hazˈe ʃˈel χaʃivˈa jetsiʁatˈit bemisɡˈeʁet haʔavodˈa ʃeʔosˈim hˈu veʔamitˈav.
217|ʃovjˈo hakolˈel ʃˈel ʃˈuk hapaχmˈan haɡlobˈali, ubehanaχˈa ʃenatslˈiaχ liftˈoʁ ʔˈet habeʔajˈot ʃetiʔˈeʁ ʔavnˈeʁ,
218|hˈu tsafˈuj litsmˈoaχ lˈe ʔesʁˈim uʃnˈajim tʁiljˈon dˈolaʁ, hahatslaχˈa hamuχˈaχat ʃˈel hahˈajtek hajisʁaʔelˈi.
219|jeχolˈa beheχlˈet limʃˈoχ maʃkiʔˈim ʃeʁatsˈu lenatsˈel ʔˈet hahizdamnˈut hakalkalˈit hamavtˈiχa hazˈo.
220|velehaʃkˈia beteχnolˈoɡjot χadaʃˈot ubepitʁonˈot χadaʃˈim.
221|todˈa ʁabˈa ledˈoktoʁ ʔavnˈeʁ ɡʁˈos, ʔatˈem muzmanˈim laʔakˈov ʔaχʁˈej ʔavnˈeʁ betwˈiteʁ, ʔˈeks.
222|ʔˈim lemˈiʃehu mikˈem hamaʔazinˈim mistovˈev baʁˈoʃ ʁaʔajˈon mavʁˈik.
223|ʔavnˈeʁ mazmˈin ʔetχˈem lehitstaʁˈef lefˈoʁum miktsoʔˈi ʃehekˈimu hˈu veʔamitˈav.
224|ʔanˈi ʁotsˈe lehamlˈits laχˈem ʔˈal pˈodkast χadˈaʃ vemutslˈaχ meʔˈod, letaʔamˈi.
225|podkˈast χadˈaʃ mehaɡaʃˈat dʒˈeʁemi fˈoɡel ʃebˈo hˈu meʔaʁˈeaχ jisʁaʔelˈim vejisʁaʔelijˈot meʃanˈej metsiʔˈut.
226|laχˈen ʔanˈi ʔohˈev laχʃˈov ʔˈal tχanˈim ʃekaʔˈele, kˈi ʔˈal mˈahen haʔekʁonˈot ʃemeʔaχoʁˈej haʔasijˈa.
227|zˈo haʁχavˈat ʔofakˈim bamuvˈan haʔamˈok. laʁadikˈal jˈeʃ bentˈajim χamiʃˈa pʁakˈim.
228|veʔanˈi mamlˈits bimjuχˈad ʔˈal hapˈeʁek ʔˈim ʔehˈud baʁˈak, ʃebˈo hˈu vedʒˈeʁmi mesoχaχˈim ʔˈal hapʁojˈekt hatsijonˈi.
229|beʔikˈaʁ dˈeʁeχ pʁˈizma ʃˈel haʃeʁˈut hatsvaʔˈi ʃelˈo, ʔavˈal hapˈeʁek hazˈe χasˈaf lˈi tsˈad ʔaχˈeʁ vepaχˈot mukˈaʁ.
230|baʁˈak hˈu ʔintelektuʔˈal maʁʃˈim ʃemenateˈaχ ʔˈet hahistˈoʁja ʃˈel hatsijonˈut betsuʁˈa mʁatˈeket.
231|ʔosˈim histˈoʁja hˈem ʃˈeli nˈoj, menahˈelet hahafakˈa, ʃelˈi ɡuʔˈeta, hilˈa ʃˈemeʃ vekaʁmˈel kenˈaʁi.
232|ʃalˈom ubʁuχˈim habaʔˈim leʔosˈim histˈoʁja. baʔesʁˈim veʔaʁbaʔˈa befˈebʁuaʁ, ʔˈelef tʃˈa meʔˈot ʃiʃˈim uʃmonˈe
233|jatsʔˈa tsolˈelet kˈej mˈeʔa ʔesʁˈim vetˈeʃa mibsˈis ʁibˈatʃi ʃˈel χˈel hajˈam hasovjˈeti.
234|hˈi hiflˈiɡa leʔitˈa ʔˈel miχˈuts lanamˈal, ʃetiʃʔˈim uʃmonˈa ʔanʃˈej tsivtˈa ʃˈel hatsolˈelet.
235|lˈo mamˈaʃ tsipˈu beχiljˈon ʔenˈajim, ʃˈava hakˈej mˈeʔa ʔesʁˈim vetˈeʃa.
236|vehatsˈevet kivˈa limnuχˈa ʔaʁukˈa jotˈeʁ, veχˈaχ ʔastˈa hakˈej mˈeʔa ʔesʁˈim vetˈeʃa ʔˈet daʁkˈa.
237|bemejmˈav hakʁiʁˈim ʃˈel haʔokjˈanos haʃakˈet, hakˈej mˈeʔa ʔesʁˈim vetˈeʃa ʃamʁˈa ʔˈal dmamˈat ʔalχˈut meleʔˈa leχˈol ʔˈoʁeχ hahaflaɡˈa.
238|hˈi hajtˈa ʔamuʁˈa litsˈoʁ kˈeʃeʁ memifkadˈa ʁˈak beʃtˈej nekudˈot leʔˈoʁeχ hamaslˈul.
239|keʃetaχatsˈe ʔˈet kˈav haʔˈoʁeχ mˈeʔa uʃmonˈim ukʃetaɡˈia leʔezˈoʁ hasijˈuʁ ʃelˈa.
240|veʔˈaf ʔˈot χajˈim lˈo nitkabˈel mehatsolˈelet. keʃeɡˈam haʃavˈua haʁeviʔˈi χalˈaf lelˈo kˈeʃeʁ,
241|lemivtsˈa χipusˈim ʁeχˈav hekˈef. ʔasʁˈot sfinˈot umetosˈim sovjˈetim.
242|hajˈa ʃeʔˈej ʃˈam bebasˈis sodˈi leχofˈav ʃˈel haʔokijˈanos haʃakˈet.
243|ʔamlˈu mumχˈej ʔakˈustika ʃˈel hatsavˈa haʔameʁikˈani ʔˈal nitˈuaχ ʃˈel ʁˈaχaʃ χaʁˈiɡ.
244|hajˈa pitsˈuts tˈat jamˈi χazˈak, uleʔaχaʁˈav kolˈot tviʔatˈa ʃˈel tsolˈelet.
245|hamaʔaʁˈeχet hiknˈa ʔˈet mekˈoʁ haʔˈot, keʔalpˈajim veʔaʁbˈa meʔˈot kilomˈetʁim, tsfonˈit maʔaʁavˈit lehawˈaj.
246|kˈe ʃˈeʃ meʔˈot kilomˈetʁim mehamakˈom ʃebˈo hajˈu haʁusˈim ʔasukˈim,
247|beχipˈus ʔaχˈaʁ hakˈej mˈeʔa ʔesʁˈim vetˈeʃa. betˈom ʃavuʔˈot ʔaʁukˈim ʃˈel χipuʃˈim,
248|kˈi ʔafsˈu hasikujˈim leʔatˈeʁ ʔˈet hakˈej mˈeʔa ʔesʁˈim vetˈeʃa.
249|ʃomʔˈu hejtˈev ʔˈet kolˈot tviʔatˈa ʃˈel hatsolˈelet, paχˈot ʔˈo jotˈeʁ belˈev haʔokjˈanos haʃakˈet.
250|meʁχˈak ʔalfˈej kilomˈetʁim mehajabaʃˈa. mˈahi ʔotˈa maʔaʁˈeχet χajʃanˈim mistoʁˈit?
251|beʃnˈat ʔˈelef tʃˈa meʔˈot ʃloʃˈim veʃˈeva. χakˈaʁ ʔˈet haʔˈofen ʃebˈo mitpaʃtˈim ɡalˈej kˈol betˈoχ hamˈajim.
252|ʃeʔanˈaχnu moʁidˈim mitʔˈan χˈomeʁ nˈefets leʔˈomek ʃˈel kamˈa meʔˈot mˈetʁim.
253|hitpaʃtˈu minekudˈat hapitsˈuts leχˈol ʔˈeveʁ. haɡalˈim ʃejifɡeʔˈu bekaʁkaʔˈit hajˈam jisfɡˈu baχˈol vejeʔalmˈu.
254|ɡalˈej hakˈol ʃejahanˈu lemˈaʔla, ʔˈel pnˈej haʃˈetaχ, vejaχzeʁˈu klapˈej mˈata kemˈo kadˈuʁ tenˈis ʃepoɡˈea bakˈiʁ.
255|hˈem jaʔasˈu ʔˈet daʁkˈam kˈol hadˈeʁeχ ʔˈel hakaʁkaʔˈit, veʔˈaz ɡˈam hˈem jisafɡˈu baχˈol vejeʔalmˈu.
256|ʔavˈal mˈa koʁˈe leʔotˈam ɡalˈej kˈol hˈem lˈo zehˈim bitχunotehˈem beχˈol makˈom baʔokijˈanos.
257|notˈim beʔˈofen tivʔˈi latsˈuf klapˈej mˈaʔla, vemˈajim meluχˈim notˈim liʃkˈoa ʔˈel hakaʁkaʔˈit.
258|ʃehamˈajim baʔokijˈanos niʁʔˈim ktsˈat kemˈo ʔuɡˈat ʃχavˈot.
259|χamimˈim metukˈim vekalˈim jaχasˈit, beʔˈod ʃehamˈajim baʃiχvˈa haʔamukˈa.
260|kʁiʁˈim meluχˈim udχusˈim jotˈeʁ, ɡalˈej kˈol naʔˈim mahˈeʁ jotˈeʁ bemˈajim metukˈim vaχamimˈim.
261|meʔaʃˈeʁ bemˈajim, kʁiʁˈim umluχˈim. damjenˈu leʔatsmeχˈem ɡˈal kˈol ʃeniflˈat mehapitsˈuts.
262|haɡˈal poɡˈeʃ ʔˈet ʃiχvˈat hamˈajim hametukˈim vehaχamimˈim.
263|haχˈelek ʃekaʁˈov jotˈeʁ lifnˈej hamˈajim, kaʁˈa laχˈem pˈaʔam ʃejaʁˈadetem ʔˈim haʔˈoto.
264|velaχˈen haɡalɡalˈim hajemanijˈim ʃˈel haʁˈeχev meʔitˈim mamʃiχˈim linsˈoa beʔotˈa mehiʁˈut.
265|haʁˈeχev ʔasˈuj lifnˈot jamˈina beχadˈut, nˈa mahˈeʁ jotˈeʁ mehaχˈelek hataχtˈon ʃelˈo.
266|haɡˈal ponˈe jamˈina beχadˈut umitʔakˈel beχazaʁˈa lemˈata.
267|ɡalˈej hakˈol naʔˈim mahˈeʁ jotˈeʁ bemˈajim dχusˈim.
268|velaχˈen χelkˈo hataχtˈon ʃˈel ɡˈal hakˈol nˈa mahˈeʁ jotˈeʁ meχelkˈo haʔeljˈon.
269|kʃehˈi poɡˈeʃet ʔˈet ʃiχvˈat hamˈajim haʔeljonˈa, hˈi ʃˈuv muχzˈeʁet lekijvˈun hakaʁkaʔˈit.
270|teʔalˈa ʃemoliχˈa ʔˈet ɡalˈej hakˈol bijiʔilˈut madhimˈa.
271|lˈo jeχolˈim lifʁˈots mimˈena haχˈutsa. hˈem kˈol hazmˈan nitazˈim mehadfanˈot ʃelˈa bemeʁχaʔˈot.
272|ʃeɡalˈej hakˈol haʔˈele lˈo poɡʃˈim beʔˈaf ʃalˈav ʔˈet hakaʁkaʔˈit.
273|velaχˈen hˈem ɡˈam lˈo nivlaʔˈim baχˈol. hˈem mamʃiχˈim lehitpaʃˈet velanˈua leʔˈoʁeχ hateʔalˈa.
274|kimʔˈat miblˈi leʔabˈed mehaʔenˈeʁɡija ʃelahˈem, velaχˈen hˈem mesuɡalˈim lehaɡˈia lemeʁχakˈim ʔadiʁˈim.
275|haʁbˈe jotˈeʁ meʔaʃˈeʁ ʔˈal hajabaʃˈa. biʃnˈat ʔˈelef tʃˈa meʔˈot ʔaʁbaʔˈim veʔˈaʁba ʔaʁˈaχ ʔˈijvinɡ nisˈuj.
276|beʔemtsaʔˈut sfinˈa ʃehetˈila mitʔanˈej nˈefets ktanˈim belˈev jˈam.
277|ɡˈam bemeʁχˈak ʃˈel kimʔˈat ʔalpˈajim kilomˈetʁim. beʔˈeʁeχ kemˈo hameʁχˈak mejisʁaʔˈel leʔitˈalja.
278|naflˈa lejadˈav ʃˈel hatsˈi haʔameʁikˈani, hajˈu mesuɡalˈot lehiʃaʔˈeʁ mitˈaχat lamˈajim bemˈeʃeχ χodaʃˈim ʔaʁukˈim.
279|vehaʔameʁikˈanim χipsˈu pitaʁˈon ʃejeʔafʃˈeʁ lahˈem leɡalˈot ʔotˈan mimeʁχˈak ʁˈav.
280|heʃˈik ʔˈet ʔeχˈad mehapʁojˈektim haɡdolˈim bejotˈeʁ betoldotˈav.
281|maʔaʁˈaχ ʃˈel ʔalfˈej mikʁofˈonim jamijˈim ʃehunχˈu bekaʁkaʔˈit hajˈam, beʔikˈaʁ leʔˈoʁeχ madˈaf hajabˈeʃet.
282|veʔˈal midʁonotehˈem ʃˈel haʁˈim tˈat mejmijˈim, veχubʁˈu letaχanˈot haʔazanˈa ʃonˈot.
283|ubeʔemtsaʔˈut nitˈuaχ ʃˈel ʔotˈot zehˈim ʃenitkablˈu beχˈama mikʁofˈonim ʃonˈim.
284|hajˈu mesuɡalˈot leʔakˈen ʔˈet mikumˈo haklalˈi ʃˈel mekˈoʁ haʔˈot.
285|ʔˈad ʃehˈi hajtˈa mesuɡˈelet leɡalˈot ʔafˈilu metosˈej sijˈuʁ sovjˈetim.
286|ʃetˈasu beɡˈova namˈuχ meʔˈal hamˈajim. hafχˈa lemivtsaʔˈit beʃnˈot haʃiʃˈim.
287|vekijumˈa niʃmˈaʁ besˈod muχlˈat bemˈeʃeχ ʔesʁˈot ʃanˈim.
288|ʔafˈilu lˈo dimjenˈu leʔatsmˈam, heχˈela ʔˈet χajˈeha kˈa tsolˈelet haʁiʃonˈa batsˈi haʔameʁikˈani.
289|χamiʃˈa tilˈim midˈeɡem ʁˈeɡolus ʔaχˈat. bazmˈan ʃelakˈaχ letaχnˈen velivnˈot ʔˈet hahalibˈat.
290|putχˈu tˈilim tovˈim umitkadmˈim jotˈeʁ, vetilˈej haʁˈeɡolus jatsʔˈu mehaʃeʁˈut.
291|ʃebeχˈol zˈot hajˈa medubˈaʁ betsolˈelet mehiʁˈa veʔejχutˈit.
292|ʃeɡˈam hajtˈa metsujˈedet bekˈuʁ ɡaʁʔinˈi mitkadˈem, hatsˈi heχlˈit liʃmˈoʁ ʔotˈa.
293|leklˈi ʃˈajit jeʔudˈi ʔavˈuʁ χipusˈim tˈat jamˈi.
294|biʃnˈat ʔˈelef tʃˈa meʔˈot ʃiʃˈim uʃmonˈe ʔˈim kˈen ʔavʁˈa hahˈalibat ʃipˈuts masˈivi.
295|bemisɡaʁtˈo hutkenˈu bˈa madχefˈim hekefˈim ʃeʔifʃeʁˈu lˈa leʁaχˈef bamˈajim lelˈo tzuzˈa.
296|veʁˈobot tˈat jamˈi ʃehajˈa metsujˈad bematslemˈot mitkadmˈot.
297|tviʔatˈa ʃˈel hakˈej mˈeʔa ʔesʁˈim vetˈeʃa hajtˈa hahizdamnˈut haʁiʃonˈa ʃˈel hahalibˈat
298|keʔaʁbaʔˈa χodaʃˈim leʔaχˈaʁ ʃehasovjˈetim hifsikˈu leχapˈes ʔˈet hatsolˈelet ʃelahˈem.
299|ʔˈel ʔˈeveʁ hanekudˈa ʃebˈa ʔutʁˈu ʁaʃˈej hataviˈa.
300|ʁˈak bodedˈim meʔanʃˈej hatsˈevet ʃˈel hahˈalibat hajˈu mudaʔˈim lematʁˈat hahaflaɡˈa.
301|heχˈel haʁˈobot lisʁˈok ʔˈet kaʁkaʔˈit hajˈam beʔˈomek ʃˈel kaχamiʃˈa kilomˈetʁim.
302|veʔulˈaj ʔˈejze dˈaɡ ʔakʁaʔˈi pˈo vaʃˈam, tslalitˈo habʁuʁˈa ʃˈel ɡˈeʃeʁ ʃˈel tsolˈelet.
303|tsilˈem haʁˈobot lˈo paχˈot mˈi ʔesʁˈim ʔˈelef tmunˈot ʃˈel sʁidˈeha ʃˈel hakˈej mˈeʔa ʔesʁˈim vetˈeʃa.
304|keʃeχazʁˈa hahˈalibat labasˈis hoʔankˈu leʔanʃˈej tsivtˈa ʔotˈot hitstajnˈut mejuχadˈim ʔˈal hahesˈeɡ hamaʁʃˈim.
305|lˈo hajˈa musˈaɡ ʔˈal mˈa bidjˈuk. umˈaʁvin lˈeʁd, sˈaʁ hahaɡanˈa lanasˈi nˈikson,
306|ʔˈet hakˈej mˈeʔa ʔesʁˈim vetˈeʃa mehametsulˈot. ʔanʃˈej hatsavˈa heʔeʁˈiχu ʃehatilˈim haɡaʁʔinijˈim, maʔaʁaχˈot hatikʃˈoʁet hamutspanˈot.
307|vehamismaχˈim hamesuvaɡˈim ʃenimtsaʔˈim ʔˈal hatsolˈelet mehavˈim mejdˈa modiʔˈini jakˈaʁ mipˈaz.
308|netsiɡˈej maχlˈeket hamedinˈa umisʁˈad hamiʃpatˈim, hˈem heʔeʁˈiχu ʃemeʃiʔˈa ʃˈel tsolˈelet tvuʔˈa ʃeʃajˈeχet limedinˈa ʔaχˈeʁet.
309|ʔalulˈa leheχaʃˈev ʔˈal pˈi haχˈok habenleʔumˈi velaχˈen lesabˈeχ ʔˈet ʔaʁtsˈot habʁˈit mibχinˈa miʃpatˈit.
310|ʔavˈal bivdikˈa maʔamikˈa jotˈeʁ hitɡalˈa ʃehasovjˈetim ʔatsmˈam ʔasˈu mˈaʃu domˈe beʔavˈaʁ.
311|veʃilvˈu ʔotˈa batsˈi ʃelahˈem ketsolˈelet ʔimunˈim.
312|hatakdˈim hazˈe hesˈiʁ ʔˈet haχaʃaʃˈot hamiʃpatijˈim vehanasˈi niksˈon ʔiʃˈeʁ ʔˈet hamivtsˈa.
313|hitkansˈu kedˈej letakˈes ʔejtsˈa. kulˈam hevˈinu beʔˈejze ʔetɡˈaʁ teχnolˈoɡi ʔatsˈum medubˈaʁ.
314|hajtˈa ɡˈuʃ matˈeχet bemiʃkˈal ʃˈel kimʔˈat ʔalpˈajim tˈonot.
315|hajˈa χaʃˈaʃ mamaʃˈi ʃehateʔunˈa ʃehevˈiʔa litfiʔatˈa ʃˈel hatsolˈelet.
316|ɡaʁmˈa ɡˈam lehitpaʁkutˈam ʃˈel hatilˈim haɡaʁʔinijˈim ʃehˈi nasʔˈa bevitnˈa.
317|kˈaχ ʃehasʁidˈim ʔasujˈim lihjˈot mezohamˈim bikʁinˈa ʁˈadjo ʔaktˈivit.
318|ʃesikujˈej hahatslaχˈa ʃˈel hapʁojˈekt hazˈe, ʔeχˈad haʁaʔjonˈot haʁiʃonijˈim ʃehuʔalˈu,
319|hajˈa leχabˈeʁ ʔˈel ɡˈuf hatsolˈelet balonˈim, lenapˈeaχ ʔotˈam beʔavˈiʁ ʔˈo beɡˈaz ʔaχˈeʁ.
320|veχˈaχ lehatsˈif ʔotˈa eˈl pnˈej haʃˈetaχ. biɡlˈal haχaʃˈaʃ ʃeʔalijˈa lˈo mevukˈeʁet ʃˈel hatsolˈelet lipnˈej hamˈajim,
321|taχsˈof ʔotˈa lelavjanˈej ʁiɡˈul ʔˈo metosˈej tsilˈum ʃˈel bʁˈit hamoʔatsˈot.
322|mˈi jodˈea mˈa jikʁˈe kʃejavˈinu haʁusˈim ʃehatsolˈelet haɡaʁʔinˈit ʃelahˈem naflˈa lijdˈej haʔameʁikˈanim?
323|ʃekimʔˈat vehovˈil lemilχˈemet ʔolˈam ʃliʃˈit hajˈa ʔadˈajin taʁˈi bemaχotehˈem ʃˈel kulˈam.
324|hapitaʁˈon ʃenivχˈaʁ besofˈo ʃˈel davˈaʁ sfinˈa ʃetatsˈuf lelˈo tzuzˈa ʔˈal pnˈej haʃˈetaχ.
325|kedˈej liʃlˈot tsaʔatsˈua ʔˈo mamtˈak. jimʃˈoχ ʔˈet hatsolˈelet klapˈej maʔlˈa.
326|ʔˈel pˈetaχ mejuχˈad betaχtˈit hasfinˈa. haʁusˈim lˈo juχlˈu liʁʔˈot mibaχˈuts ʔˈet hapeʔilˈut ʃenaʔasˈet mitˈaχat lamˈajim.
327|mˈi mesuɡˈal livnˈot maʔaʁˈeχet haʁamˈa ʃekazˈo laʔetɡˈaʁ hateχnolˈoɡi heʔatsˈum ʃebˈo hajˈa medubˈaʁ.
328|hajˈa baʁˈuʁ ʃeʔˈim mispanˈot hatsˈi jihjˈu ʔˈele ʃejivnˈu ʔˈet hasfinˈa hakˈol kˈaχ bˈilti ʃiɡʁatˈit hazˈo.
329|hadavˈaʁ jeʔoʁˈeʁ mijˈad ʔˈet χaʃadˈam ʃˈel haʁusˈim.
330|niχˈan bajeχˈolet lehotsˈi lafˈoʔal miblˈi leʔoʁˈeʁ ʔˈet χaʃadˈa ʃˈel bʁˈit hamoʔatsˈot.
331|heχˈel ʔˈet hakaʁjˈeʁa ʃelˈo biʃnˈot haʔesʁˈim ʃˈel hameʔˈa hakodˈemet.
332|lˈo hajˈu hatʃukˈa hajeχidˈa ʃˈel jˈus. hˈu hitʔanjˈen meʔˈod bemadˈa veteχnolˈoɡja.
333|bifʁˈat bitχˈum hateʔufˈa ʃehajˈa ʔˈaz beχitulˈav.
334|heχlˈit jˈuz lenatsˈel ʔˈet hahizdamnˈut vehaχevʁˈa ʃelˈo heχˈela lefatˈeaχ mesokˈim ʔavˈuʁ hatsavˈa haʔameʁikˈani.
335|zaχtˈa haχevʁˈa bepʁojˈektim tsvaʔijˈim nosafˈim vehafχˈa leʔaχˈat mikablanijˈot hamiʃnˈe haboltˈot ʃˈel misʁˈad hahaɡanˈa.
336|haχevʁˈa ʃˈel jˈuz jitsʁˈa metosˈej kʁˈav, lˈejzeʁim, tilˈim, lavjanˈim veʔˈod.
337|ʔavˈal bemakbˈil lamonitˈin haholˈeχ vetsomeˈaχ ʃˈel jˈuz,
338|ketajkˈun beʔolˈam hateχnolˈoɡja hatsvaʔˈit, biltˈi ʃiɡʁatˈi bilʃˈon hamʔatˈa.
339|hˈu nahˈaɡ leʔeχˈol beχˈol ʔˈeʁev ʔˈet ʔotˈa haʔaʁuχˈa bedijˈuk.
340|stˈajk mˈedjum ʁˈejʁ, salˈat veʔafunˈim, hˈu bilʔˈa ʔaʁbaʔˈa χodaʃˈim ʁetsufˈim beʔolˈam kolnˈoa.
341|hˈu ʁaʔˈa mˈeʔa veχamiʃˈim peʔamˈim. heχlˈit jˈuz laʔavˈoʁ lehitɡoʁˈeʁ bemalˈon belˈas vˈeɡas.
342|uvemˈeʃeχ χodaʃˈim ʔaʁukˈim lˈo jatsˈa mehaχˈedeʁ. kanˈa ɡˈam ʔˈet hakazˈino ʃemeʔˈeveʁ lakvˈiʃ.
343|mikejvˈan ʃeʃˈelet hanˈeʔon ʃˈel hakazˈino ɡˈam hajˈa ʔobsesˈivi leɡabˈej pʁatijutˈo.
344|ʃelˈo lifnˈot ʔelˈav velˈo ledabˈeʁ ʔelˈav, ʔˈela ʔˈim panˈa ʔalehˈem kˈodem.
345|vehekpˈid ʃˈel lˈo leheʁaʔˈot batsibˈuʁ. mˈi ʃejatsˈaʁ ʔˈet kamˈa miɡiboʁˈej haʔˈal hamukaʁˈim bejotˈeʁ ʃˈel χevʁˈat hakˈomiks mˈaʁvel,
346|hivˈa ʔˈet hahaʃʁaʔˈa lidmutˈo ʃˈel tˈoni stˈaʁk, haɡaʔˈon haʔeksˈentʁi ʃebetˈoχ haχalifˈa ʃˈel ʔˈajʁon mˈan.
347|ʃejˈuz hˈu bidjˈuk haʔadˈam ʃehˈem meχapsˈim.
348|hajtˈa meʔoʁˈevet mimˈele beʔejnsfˈoʁ pʁojˈektim tsvaʔijˈim mitkadmˈim.
349|haʃilˈuv ʃˈel ɡeʔonˈut teχnolˈoɡit veʔiʃijˈut meʃunˈa ubiltˈi ʃiɡʁatˈit.
350|ʃemdoʁˈej haʁeχilˈut hajˈu meleʔˈim bekˈol kˈaχ haʁbˈe ʃmuʔˈot vesipuʁˈim hazujˈim, ʔodˈot jˈuz,
351|ʔˈad ʃehajˈa kimʔˈat bˈilti ʔefʃaʁˈi lehavdˈil mˈi mehˈem ʔemˈet?
352|umˈi kiʃkˈuʃ natˈul basˈis. zˈe hajˈa sipˈuʁ hakisˈuj hamuʃlˈam lapʁojˈekt ʃelahˈem.
353|ʃebantˈa vehefʔˈila sfinˈot misuɡˈim ʃonˈim.
354|ɡlˈobal meʁˈin hajtˈa meʔoʁˈevet bepʁojˈekt meχkˈaʁ ʃeʔaftanˈi.
355|ʃˈel kidˈuaχ beʔˈomek ʁˈav, kˈaχ ʃeʔanaʃˈeha tsavʁˈu nisajˈon ʁˈav betiχnˈun klˈej ʃˈajit matʔimˈim latsʁaχˈim haʔˈele.
356|vetifʔˈul ʃˈel tsijˈud handasˈi kavˈed bekaʁkaʔˈit haʔokijˈanos.
357|pantˈa liˈuz bevakaʃˈa ʔˈal ʃitˈuf peʔulˈa, ɡlˈobal meʁˈin tivnˈe ʔavˈuʁ sˈi ʔˈaj ʔˈej sfinˈa.
358|ʃetihjˈe mesuɡˈelet limʃˈot ʔˈet hakˈej mˈeʔa ʔesʁˈim vetˈeʃa.
359|ʃˈel pitˈuaχ tsijˈud mejuχˈad leʃlijˈa ʃˈel ɡuʃˈej menɡˈan.
360|matˈeχet nediʁˈa vejekaʁˈa mikaʁkaʔˈit haʔokjˈanos.
361|ʃemedubˈaʁ bepʁojˈekt jakˈaʁ meʔˈod. hahaʔaʁaχˈot haʁiʃonijˈot dibʁˈu ʔˈal mˈeʔa χamiʃˈim miljˈon dˈolaʁ.
362|ʔavˈal hasχˈum hazˈe tipˈes bimʁutsˈat ʔˈaʁba ʃnˈot hapʁojˈekt lelemˈala mˈi ʃmonˈa meʔˈot miljˈon dˈolaʁ.
363|ʔaʁbaʔˈa miljˈaʁd dolˈaʁim bejamˈenu. kimʔˈat vehovˈila lebitulˈo ʃˈel pʁojˈekt ʔazˈoʁjan, ʔˈod betˈeʁem huʃlˈam.
364|ʔˈim hamejdˈa hamodiʔˈini hapotentsijˈali ʃenimtsˈa.
365|ʃavˈe ʔˈet hahaʃkaʔˈa hakaspˈit haʔadiʁˈa hazˈot. heχlˈit hanasˈi nˈikson lehamʃˈiχ ʔˈet hapʁojˈekt.
366|sfinˈa beʔˈoʁeχ ʃˈel kimʔˈat matˈajim mˈetʁim hajˈa ʔulˈam ʁeχˈav jadˈajim ʃezaχˈa lakinˈuj bʁeχˈat jaʁˈeaχ.
367|ʔulˈam beʔˈoʁeχ ʃˈel kimʔˈat mˈeʔa mˈetʁim, ʃetaχtitˈo hajtˈa ptuχˈa ʔˈel hajˈam.
368|ʃehajˈa meχubˈaʁ letsvˈat ʔanakˈit betˈom ʔˈaʁba ʃnˈot tiχnˈun ubnijˈa.
369|jatsˈa ɡlˈomeʁ ʔeksplˈoʁeʁ ledaʁkˈa bejˈuni ʔˈelef tʃˈa meʔˈot ʃivʔˈim veʔˈaʁba.
370|uʃvuʔˈajim leʔaχˈaʁ mikˈen heɡˈia laʔatˈaʁ tviʔatˈa ʃˈel hakˈej mˈeʔa ʔesʁˈim vetˈeʃa.
371|ʃalχˈa ɡalˈim ɡvohˈim ʃetiltelˈu ʔˈet hasfinˈa. tiltulˈim ʃekaʔˈele hajˈu ʔalulˈim lihjˈot mesukanˈim.
372|mikejvˈan ʃehakˈabel ʃehajˈa ʔamˈuʁ laʁˈedet lamˈajim hajˈa ʔasˈuj mesidʁˈa ʃˈel tsinoʁˈot kvedˈim,
373|ʃejˈaχad ʃaklˈu jotˈeʁ mˈi ʃmonˈat ʔalafˈim tˈon.
374|vezˈot benosˈaf latsvˈat haʔanakˈit ʃebeʔatsmˈa ʃaklˈa ʔaʁbˈat ʔalafˈim tˈon.
375|haʔˈomes ʃejitsʁˈu tiltulˈim lˈo mevukaʁˈim ʃekaʔˈele.
376|ʔalˈul liɡʁˈom lasfinˈa lehitpaʁˈek, limnˈoa ʔˈomes jˈeteʁ ʔˈal hakˈabel.
377|hajˈa liʃmˈoʁ ʔˈal mikˈum kavˈua bamajˈim beʁˈadjus ʃˈel ʃloʃˈa mˈetʁim bilvˈad.
378|niʁʔˈe hajˈa ʃemˈezeɡ haʔavˈiʁ holˈeχ umiʃtapˈeʁ.
379|mibaʔˈad laʔaʁafˈel, ʃeʔafˈaf ʔˈet haʔezˈoʁ, hofˈia lefˈeta sfinˈa tsvaʔˈit sovjˈetit.
380|sfinˈat ʁiɡˈul beʃˈem χˈamza ʃehekˈifa ʔˈet haɡlˈomeʁ ʔeksplˈoʁeʁ bemeʁχˈak ʃˈel kamˈa meʔˈot mˈetʁim.
381|kedˈej liʃmˈoʁ ʔˈal masvˈe ʃˈel sfinˈa ʔezʁaχˈit, haɡlˈomeʁ ʔeksplˈoʁeʁ lˈo hajtˈa χamuʃˈa klˈal.
382|ʔafˈilu lˈo beʔekdaχˈim veʁovˈim, ʃeχaʃˈaʃ ʃeʔulˈaj haʁusˈim metaχnenˈim lehoʁˈid mehamasˈok.
383|ʔanʃˈej komˈando ʃehiʃtaltˈu ʔˈal hasfinˈa hoʁˈa letsivtˈo lehitkonˈen lehaɡˈen ʔˈal χadˈaʁ habakaʁˈa.
384|ʔˈad ʃejaspˈiku ʔanaʃˈav lehaʃmˈid ʔˈet kˈol hamismaχˈim hamsuvaɡˈim ʃebiʁʃutˈam.
385|hamasˈok hekˈif ʔˈet haɡlˈomaʁ ʔeksplˈoʁeʁ mispˈaʁ peʔamˈim.
386|ʔavˈal ʔˈaz χazˈaʁ lesfinatˈo lelˈo ʔejʁuʔˈim mejuχadˈim.
387|kaʁʔˈa laɡlˈomeʁ ʔeksplˈoʁeʁ bakˈeʃeʁ haʔalχutˈi.
388|veχakʁˈa ʔotˈa leɡabˈej matʁˈat hahaflaɡˈa ʃelˈa.
389|ʃemedubˈaʁ benisˈuj ʃˈel tsijˈun kʁiʔˈa bemˈajim ʔamukˈim.
390|jomˈajim leʔaχˈaʁ mikˈen, batiʃˈa ʔasˈaʁ bejˈuli, vehatsˈevet heχˈel lehoʁˈid ʔˈet hazʁˈoa ʔˈel hakaʁkaʔˈit.
391|hakˈabel hajˈa muʁkˈav misidʁˈa ʃˈel tsinoʁˈot kvedˈim.
392|veʔˈele χubʁˈu bazˈe ʔaχˈaʁ zˈe tˈoχ kedˈej hoʁadˈat hakˈabel lamˈajim.
393|zˈe hajˈa tahalˈiχ muʁkˈav umesukˈan ʃemipʔˈat lˈuaχ hazmanˈim hatsafˈuf ʃˈel hamivtsˈa.
394|meʔolˈam lˈo nusˈa betnaʔˈej ʔemˈet beʔˈod hatsˈevet ʔomˈed ʔˈal haʁkavˈat hakˈabel vehoʁadatˈo lakaʁkaʔˈit.
395|ʃˈuv hofˈiʔa sfinˈa tsvaʔˈit sovjˈetit, hikˈifa ʔˈet haɡlˈomeʁ ʔeksplˈoʁeʁ mikˈol ʔavaʁˈeha.
396|hitʁaχakˈa veneʔemdˈa bemeʁχˈak ʃˈel kamˈa meʔˈot mˈetʁim miʃˈam.
397|ʃeaeˈs bˈi ʔˈeseʁ lˈo mitkavˈenet lehafʁˈia, ʔˈela ʁˈak.
398|heχlˈitu haʔameʁikˈanim lehamʃˈiχ bamivtsˈa. laʁusˈim lˈo hajtˈa ʃˈum dˈeʁeχ ladˈaʔat.
399|mˈa bidjˈuk mitʁaχˈeʃ mitˈaχat lesipunˈa, hazʁˈoa, hakvedˈa, huʁadˈa ʔˈel hakaʁkaʔˈit?
400|vekaʔavˈoʁ mispˈaʁ jemˈej χipusˈim, zohˈu sʁidˈeha ʃˈel hakˈej mˈeʔa ʔesʁˈim vetˈeʃa.
401|heχˈel ʔaχˈad haχalakˈim hameʔatɡeʁˈim vehamuʁkavˈim ʃˈel hamivtsˈa kulˈo.
402|tihjˈe mesuɡˈelet leʔeχˈoz batsolˈelet betsuʁˈa tovˈa.
403|hajˈa tsaʁˈiχ letamʁˈen ʔotˈa lanekudˈa haneχonˈa meʔˈal hatsolˈelet.
404|kaʔˈele ʃebahˈem tsaʁˈiχ litpˈos bubˈot ʔˈo mamtakˈim, haʃlitˈa bazʁˈoa naʔasˈet beʔemtsaʔˈut hazazˈa ʃˈel hakˈabel ʃemaχzˈik ʔotˈa.
405|ʔavˈal zˈo lˈo hajtˈa ʔefʃaʁˈut maʔasˈit. taχʃevˈu kˈama kaʃˈe lehatsˈiv ʔˈet hazʁˈoa haktanˈa ʃˈel meχonˈat hamisχˈak.
406|bidjˈuk meʔˈal hadˈubi haspetsˈifi ʃehajˈeled ʁotsˈe.
407|kˈan medubˈaʁ bekˈabel beʔˈoʁeχ ʃˈel χamiʃˈa kilomˈetʁim.
408|ʃetsaʁˈiχ lehitmakˈem meʔˈal hatsolˈelet bedijˈuk ʃˈel kamˈa ʔasʁˈot santimˈetʁim leχˈol hajotˈeʁ.
409|ʃehutkenˈu ʔˈal zʁˈoa haʔanafˈa ʔatsmˈa vehanivˈut ʃelˈa ʔˈal nekudˈat hahaʁamˈa.
410|naʔasˈa beʔemtsaʔˈut mispˈaʁ miʃdeʁˈim ʃehunχˈu ʔˈal kaʁkaʔˈit hajˈam misavˈiv latsolˈelet.
411|vemaʔaʁˈeχet ʔelektʁˈonit ʃenitχˈa ʔˈet haʔotˈot mehamaʃdeʁˈim haʔˈele.
412|χiʃvˈa ʔˈet mikumˈa hamedujˈak ʃˈel hazʁˈoa betˈom ʔaʁbaʔˈa jamˈim ʃˈel haχanˈot.
413|nisɡeʁˈu livsˈof zʁoʔotˈeha ʃˈel hatsvˈat haɡdolˈa ʔˈal ɡˈuf hatsolˈelet.
414|uvaʁiʃˈon beʔˈoɡust heχˈela hakanˈenet haʔanakˈit ʃeʔˈal haɡlˈomaʁ ʔeksplˈoʁeʁ,
415|limʃˈoχ ʔˈet hakˈabel hakavˈed velehaʁˈim ʔˈet hatsolˈelet mehakaʁkaʔˈit.
416|hatmunˈot mimatslemˈot havˈidjo ʃeʔˈal hazʁˈoa hukʁenˈu leχadaʁˈim ʃonˈim beʁaχvˈej hasfinˈa.
417|mehamalʔaχˈim veʔˈad ʔaχʁˈon hatabaχˈim hitɡodedˈu mˈul hamasaχˈim betsipijˈa dʁuχˈa.
418|ɡaʁˈam lamaʃʔevˈot hahidʁˈaʔulijot ʃˈel hamanˈof, veʔafˈilu ʔijˈem likʁˈoa leɡzaʁˈim ʔˈet hasfinˈa ʔatsmˈa.
419|hoʁˈa lehakpˈid ʔˈal sɡiʁˈat hadlatˈot haʔatumˈot lemajˈim.
420|ʃnˈej haχalakˈim ʃˈel hasfinˈa jamʃˈiχu latsˈuf maspˈik zmˈan.
421|kedˈej ʃeʔefʃˈaʁ jihjˈe lefanˈot ʔˈet mˈeʔa ʃivʔˈim veʃiʃˈa ʔanʃˈej hatsˈevet.
422|ukeʔˈilu kedˈej lehosˈif ʔˈal halˈaχats hasfinˈa hasovjˈetit ʃetitspetˈa ʔalehˈem.
423|nahaɡˈa lehitkaʁˈev laɡlˈomeʁ ʔeksplˈoʁeʁ midˈej pˈaʔam befˈaʔam.
424|kedˈej latˈet laʁusˈim mˈaʃu ʔaχˈeʁ lehitʔasˈek ʔitˈo, nahaɡˈu lemalˈe sakˈej ʔaʃpˈa ɡdolˈim betadpisˈej maχʃˈev lˈo mesuvaɡˈim.
425|limʁˈoaχ ʔotˈan bektsˈat ʃˈemen meχonˈot velitspˈot behanaʔˈa basfinˈa haʁusˈit.
426|ʃenisχefˈu baʁˈuaχ uvaɡalˈim. ʔaχʁˈej ʃaloʃˈa ʔasˈaʁ jamˈim ʃˈel tatspijˈot ʔakaʁˈot,
427|veʁedifˈa ʔaχˈaʁ sakijˈot haʃpˈa, hasovjˈetim heχlˈitu ʃenimʔˈas lahˈem.
428|vehaˈes bˈi ʔˈeseʁ ʔazvˈa ʔˈet hamakˈom. χˈelek mimalʔaχˈeha ʃˈel haɡlˈomeʁ ʔeksplˈoʁeʁ,
429|davkˈa hitstaʔaʁˈu ʔˈal leχtˈa ʃˈel hasfinˈa haʁusˈit, nahaɡˈu lehistovˈev ʔˈal hasipˈun besmalˈot naʔˈot.
430|maχazˈe nadˈiʁ lemadˈaj belˈev haʔokjˈanos haʃakˈet.
431|hatsolˈelet halχˈa vehitkaʁvˈa lepnˈej haʃˈetaχ, vehaniʁʔˈe hajˈa ʃemivtsˈa hameʃijˈa histajˈem lelˈo ʔejʁuʔˈim mejuχadˈim.
432|χalˈaf ʁˈaʔad pitʔomˈi beɡˈuf hasfinˈa, mahaʁˈu livχˈon ʔˈet hatmunˈa ʃeheʔevˈiʁu matslemˈot havˈidjo ʔˈal zʁˈoa haʁamˈa.
433|hatfaʁˈim ʃˈel zʁˈoa hahaʁamˈa ʔotˈan ʃinajˈim ʃeʔaχzˈu beɡˈuf hatsolˈelet.
434|bifnˈej hakˈoʁ haʔˈaz ʃˈel maʔamakˈej hajˈam. hamatˈeχet naʔastˈa pʁiχˈa veʃavʁiʁˈit.
435|hajtˈa beʔˈeʁeχ beʔˈomek ʃˈel ʃloʃˈa kilomˈetʁim, χˈelek mehaʃinˈajim haʔˈele kaʃlˈu veniʃbeʁˈu.
436|ɡˈuf habaʁzˈel ʃˈel hakˈej mˈeʔa ʔesʁˈim vetˈeʃa nafˈal beχazaʁˈa ʔˈel hakaʁkaʔˈit.
437|zˈo hajtˈa ʔaχzavˈa ʔadiʁˈa, lˈo tuχnenˈa leʃimˈuʃ ʁˈav peʔamˈi.
438|veʔˈi ʔefʃˈaʁ hajˈa lehoʁˈid ʔotˈa ʃˈuv, kdˈej lenasˈot velimaʃˈot ʔˈet χelkˈej hatsolˈelet ʃenaflˈu.
439|hamanˈof hemʃˈiχ lehaʔalˈot ʔˈel pnˈej hamˈajim ʔˈet mˈa ʃeniʃʔˈaʁ mehatsolˈelet.
440|vehatsˈevet heχˈin ʔˈet bʁeχˈat hajaʁeˈaχ lekabˈel ʔˈet hasʁidˈim.
441|haχanˈa ʃˈel tsijˈud letihˈuʁ hasʁidˈim mikʁinˈa ʁˈadjo ʔaktˈivit.
442|mikejvˈan ʃekʃehunfˈu livsˈof sʁidˈeha ʃˈel hatsolˈelet hasovjˈetit.
443|ʔaχˈen mezohamˈim bekʁinˈa ʁˈadjo ʔaktˈivit. hapitsˈuts ʃeɡaʁˈam litviʔatˈa ʃˈel hatsolˈelet.
444|hovˈil ɡˈam lidlifˈa ʃˈel tiʁkˈovet nozlˈit χelkˈej hatsolˈelet ʃenimʃˈu mehamˈajim.
445|χˈelek katˈan jaχasˈit mehamimtsaʔˈim ʃehaʔameʁikˈanim kivˈu limtsˈo bˈa.
446|ʃlˈoʃet hatilˈim haɡaʁʔinijˈim ʃehajˈu ʔˈal sipunˈa ʃelˈa kmˈo ɡˈam maχʃiʁˈej hahatspanˈa hamesuvaɡˈim.
447|naflˈu baχazaʁˈa ʔˈel hametsulˈot. nimtseʔˈu mispˈaʁ tuʁpˈedot ɡaʁʔinijˈim.
448|sifʁˈej kˈod, madʁiχˈim tˈeχnijim veɡˈam sʁidˈej ɡufotehˈem ʃˈel ʃiʃˈa meʔanʃˈej hatsˈevet ʃˈel hatsolˈelet hasovjˈetit.
449|ʃeʔˈi ʔefʃˈaʁ lehaχzˈiʁ ʔˈet haɡufˈot haʔˈele lebʁˈit hamoʔatsˈot.
450|ʃehajˈu beʔatsmˈam mezohamˈim bekʁinˈa mesukˈenet, huχnesˈu letˈoχ meχˈal ʔatˈum.
451|venikbeʁˈu bajˈam betˈekes tsvaʔˈi malˈe. mitˈoχ sʁidˈej hatsolˈelet ʃehoʔalˈu mitˈoχ hamˈajim,
452|jaχlˈu hamumχˈim lenasˈot velaʔanˈot ʔˈal haʃeʔelˈa mˈa ɡaʁˈam letviʔatˈa ʃˈel hakˈej mˈeʔa ʔesʁˈim vetˈeʃa.
453|haɡiʁsˈa hasovjˈetit haʁiʃmˈit taʔanˈa ʃetakalˈa kˈolʃehi ʃekeχˈol haniʁʔˈe heʁʔˈa batsolˈelet.
454|ɡaʁmˈa leχadiʁˈa ʃˈel mˈej jˈam dˈeʁeχ haʃnˈoʁkal ʃˈel hatsolˈelet.
455|bizmˈan ʃezˈo hajtˈa kʁovˈa lifnˈej haʃˈetaχ, ʃemukˈeʁet hejtˈev betsolelˈot ʃˈel ʔotˈa tkufˈa.
456|kfˈi ʃesipˈaʁti laχˈem biʃnˈej hapʁakˈim ʃeʔaskˈu besipuʁˈa ʃˈel hatsolˈelet dakˈaʁ.
457|ʃeʔavdˈa ɡˈam hˈi beʔotˈa haʃanˈa bidjˈuk hasibˈa letviʔatˈa ʃˈel hatsolˈelet hajisʁaʔelˈit.
458|beʔikˈaʁ mikejvˈan ʃemaʔaʁˈeχet hahaʔazanˈa haʔameʁikˈanit kaltˈa ɡˈam ʁˈaʔaʃ ʃˈel pitsˈuts χazˈak.
459|kedˈej lehasbˈiʁ ʔˈet ʔovdanˈa ʃˈel hakˈej mˈeʔa ʔesʁˈim vetˈeʃa.
460|tafsˈa haʔuvdˈa ʃesʁidˈej hatsolˈelet nitɡelˈu kˈe ʃlˈoʃ meʔˈot mˈejlim.
461|dʁomˈit lanatˈiv ʃebˈo hˈi hajtˈa metuχnˈenet lehaflˈiɡ.
462|lˈo hetslˈiχu leʔatˈeʁ beʔatsmˈam ʔˈet sʁidˈej hatsolˈelet. hasibˈa hapʃutˈa bejotˈeʁ lestijˈa ʃekazˈo,
463|ʔavˈal kulˈam hiskˈimu ʃehasikˈuj ʃetsolˈelet mitkadˈemet.
464|ʃemetsujˈedet beʔemtsaʔˈej nivˈut modˈeʁnijim, tistˈe meʔˈot kilomˈetʁim minetivˈa.
465|ʃeʔulˈaj paʁˈats mˈeʁed ʔˈal sipunˈa ʃˈel hakˈej mˈeʔa ʔesʁˈim vetˈeʃa.
466|mˈa hajtˈa jeχolˈa lihjˈot hasibˈa lamˈeʁed? sˈefeʁ ʃeniχtˈav ʔˈal hapaʁaʃˈa bˈe ʔalpˈajim veχamˈeʃ,
467|ʃekvutsˈa ʃˈel soχnˈej kˈej dʒˈi bˈi ʃehistanenˈu latsolˈelet,
468|kedˈej leʃaɡˈeʁ tˈil ɡaʁʔinˈi leʔˈeveʁ bsˈis pˈeʁl hˈaʁbuʁ ʃebehawˈaj.
469|hamikˈum ʃebˈo hitɡaltˈa hakˈej mˈeʔa ʔesʁˈim vetˈeʃa.
470|heʔemˈid ʔotˈa miχˈuts letvˈaχ haʃiɡˈuʁ lekivˈun hawˈaj.
471|ʃehakˈej mˈeʔa ʔesʁˈim vetˈeʃa tavʔˈa betsolˈelet ʔameʁikanˈit ʃeʔakvˈa ʔaχaʁˈeha.
472|ʃeniχnesˈa lenemˈal bejapˈan mispˈaʁ jamˈim leʔaχˈaʁ heʔalamˈa ʃˈel hatsolˈelet haʁusˈit.
473|kʃehapˈeʁeskop ʃelˈa ʃavˈuʁ, liχʔoʁˈa beʔikvˈot hitnakʃˈut bakaʁχˈon.
474|madˈua ʃehitnaɡʃˈut bˈen tsolelˈot tiɡʁˈom dˈavka lepɡiʔˈa bapˈeʁeskop.
475|ʃeʔamˈuʁ lihjˈot betˈoχ hatsolˈelet bizmˈan ʃehˈi mafliɡˈa mitˈaχat lamˈajim.
476|leɡabˈej sibˈat tviʔatˈa ʃˈel hakˈej mˈeʔa ʔesʁˈim vetˈeʃa.
477|niʃʔˈenet ʔˈal ʔejʁuˈa ʃehitʁaχˈeʃ lemˈaʔla miʔasˈoʁ leʔaχˈaʁ mikˈen.
478|leʔaχˈaʁ ʃemˈej jˈam ʃeχadʁˈu letoχˈa bˈaʔu bemaɡˈa ʔˈim hadˈelek ʃˈel ʔeχˈad hatˈilim haɡaʁʔinijˈim ʃehajˈu ʔˈal sipunˈa.
479|hitlakˈeaχ beʔˈofen spontˈani vehitpotsˈets.
480|notsˈaʁ ɡˈam zihˈum ʁˈadjo ʔaktˈivi, zihˈum zehˈe ʔˈo domˈe meʔˈod lezˈe ʃenitɡalˈa.
481|ɡˈam bisʁidˈeha ʃˈel hakˈej mˈeʔa ʔesʁˈim vetˈeʃa. jeχolˈa lehasbˈiʁ ʔˈet ʁˈaχaʃ hapitsˈuts.
482|ʃeniklˈat bemaʔaʁˈeχet hahazanˈa haʔameʁikˈanit. ʔˈaz jaχˈol lihjˈot ʃemˈej jˈam ʃeχadʁˈu latsolˈelet,
483|hitsˈitu ʔˈet menoheheˈem ʃˈel ʃnˈajim mitˈoχ ʃloʃˈa tilˈim ɡaʁʔinijˈim ʃehajˈu ʔˈal sipunˈa.
484|paʔˈaʁ χˈoʁ ɡadˈol bedˈofen hatsolˈelet. batiʃʔˈa beʔˈoɡust heʃlˈima haglˈomeʁ eχplˈoʁeʁ ʔˈet mesimatˈa.
485|veheχˈela mafliɡˈa beχazaʁˈa leʔaʁtsˈot habʁˈit. heχˈelu hamumχˈim metaχnenˈim mivtsˈa hemʃˈeχ.
486|ʃezaχˈa leʃˈem mivtsˈa mˈatadoʁ, kedˈej limaʃˈot ʔˈet haχalakˈim haχaseʁˈim ʃˈel hatsolˈelet.
487|leʁˈoa mazalˈam ʃˈel ʔanʃˈej soχnˈut habijˈun, hamivtsˈa hazˈe ʔatˈid hajˈa lehitbatˈel.
488|jamˈim sfuʁˈim ʔˈod betˈeʁem, haɡlˈomaʁ ʔeksplˈoʁeʁ jatsʔˈa limsimatˈa.
489|bemisʁadˈeha ʃˈel haχevʁˈa ʃˈel hˈawaʁd jˈuz belˈos ʔˈandʒeles.
490|behodaʔˈa laʔitonˈut ʃeʃiχʁeʁˈa miʃtˈeʁet lˈos ʔˈandʒeles,
491|neʔemˈaʁ kˈi bˈen hapʁitˈim ʃeniɡnevˈu mikasˈefet ʃehajtˈa bamisʁˈad,
492|ʔavˈal mispˈaʁ ʃavuʔˈot leʔaχˈaʁ mikˈen, kˈi ʔeχˈad hamismaχˈim ʃelˈo χasˈeʁ.
493|zˈe hajˈa mismˈaχ mesuvˈaɡ bejotˈeʁ ʃeʔasˈak beʃitˈuf hapeʔulˈa bˈen hasˈi ʔˈaj ʔˈej vehaχevʁˈa ʃˈel jˈuz.
494|ʔaχʁˈej ʃesidʁˈa ʃˈel χipusˈim ʔintensˈivim ʔaχʁˈej hamismˈaχ.
495|hajˈa bakasˈefet ʃenifʁetsˈa mispˈaʁ ʃavuʔˈot kˈodem laχˈen.
496|ʃejaʔazˈoʁ lˈo leɡalˈot velehaʃˈiv ʔˈet hamismˈaχ hamesuvˈaɡ.
497|vehaʔˈef bˈi ʔˈaj panˈa betoʁˈo lemiʃtˈeʁet lˈos ʔˈandʒeles.
498|χaʁˈoʃet ʔadiʁˈa ʃˈel ʃmuʔˈot ʃeheχˈelu lehitpaʃˈet baʔˈiʁ.
499|lˈo hajˈu ʃutafˈim hasˈi ʔˈaj ʔˈej vehˈawaʁd jˈus, ɡˈam leʔoznehˈem ʃˈel mispˈaʁ ʔitonaʔˈim sakʁanˈim.
500|uvikˈeʃ mehˈem ʃelˈo jefaʁsemˈu ʔˈet hajediʔˈa, kedˈej ʃelˈo lesakˈen ʔˈet haɡlˈomaʁ ʔeksplˈoʁeʁ.
501|ʃebeʔotˈo hazmˈan bidjˈuk hajtˈa ʔasukˈa behaʔalaʔˈat hatsolˈelet mehakaʁkaʔˈit.
502|mispˈaʁ χodaʃˈim leʔaχˈaʁ mikˈen befˈebʁuʔaʁ ʔˈelef tʃˈa meʔˈot ʃivʔˈim veχamˈeʃ.
503|heɡˈiʔa haʃmuʔˈa hazˈo ɡˈam leʔoznˈav ʃˈel katˈav televˈizja beʃˈem dʒˈek ʔˈandeʁson.
504|badˈak ʔˈet haʃmuʔˈa ʔˈim mekoʁotˈav batsˈi, veʃamˈa mehˈem ʃebʔikvˈot hitpaʁkutˈa ʃˈel hatsolˈelet bezmˈan ʃehuʔaltˈa,
505|lˈo nitɡalˈu bˈa mimtsaʔˈim modiʔinˈim maʃmaʔutijˈim.
506|kˈaχ ʃekˈol hahaʃkaʔˈa haʔadiʁˈa bemivtsˈa hazˈoʁjan.
507|ʔˈandeʁson ʔalˈa leʃidˈuʁ vesipˈeʁ ʔˈal hamivtsˈa ʃehajˈa lidvaʁˈav lˈo jotˈeʁ meʔaʃˈeʁ bizbˈuz meʃavˈaa ʃˈel kaspˈej tsibˈuʁ.
508|memʃˈelet ʔaʁtsˈot habʁˈit seʁvˈa batχilˈa lehaɡˈiv ʔˈal hapiʁsˈum hazˈe.
509|bakaʃˈa laχasifˈa meleʔˈa ʃˈel hapaʁaʃˈa ʔˈal χˈok χˈofeʃ hamejdˈa haʔameʁikˈani.
510|lamʁˈot ʃehasˈi ʔˈaj ʔˈej lˈo hodˈa beχˈaχ ʔˈad hajˈom, ʔosˈe ʁˈoʃem ʃehamodiʔˈin ʃeneʔesˈaf misʁidˈeha ʃˈel hatsolelˈot haʁusˈit,
511|ubˈetaχ vebˈetaχ ʃelˈo hitsdˈik ʔˈet haʔalˈut haʔadiʁˈa ʃˈel mivtsˈa ʔazˈoʁi.
512|lebʁˈit hamoʔatsˈot lˈo hajˈa musˈaɡ mˈa bidjˈuk matsʔˈu haʔameʁikˈanim ʔˈal hakˈej mˈeʔa ʔesʁˈim vetˈeʃa.
513|vehaʔameʁikˈanim meʔˈod ʁatsˈu lehaʃʔˈiʁ ʔˈet hamatsˈav hazˈe ʔˈal kanˈo.
514|ʔˈim hamimʃˈal lˈo jaχsˈof ʔˈet hamejdˈa, jeʃvˈu ʔˈal hamduχˈa hazˈo bemˈeʃeχ χodaʃˈim.
515|kedˈej lenasˈot velimtsˈo motsˈa mehaplˈonteʁ hazˈe.
516|ʔˈal tɡuvˈa jetsiʁatˈit bimjuχˈad. ʔejnˈenu jeχolˈim leʔaʃˈeʁ ʔˈo lehakχˈiʃ ʔˈet kijumˈo ʃˈel hamejdˈa hamevukˈaʃ.
517|ʔˈim mejdˈa zˈe hajˈa kajˈam, hanosˈe hajˈa mesuvˈaɡ kesodˈi velˈo nitˈan laχsˈof ʔotˈo.
518|haʔitonaʔˈit ʃeheɡˈiʃa ʔˈet habakaʃˈa laχasifˈa, tavʔˈa ʔˈet soχnˈut habijˈun bevˈet hamiʃpˈat.
519|ʔavˈal ʔaχʁˈej mispˈaʁ ʃanˈim ʃˈel hitkatʃˈut miʃpatˈit.
520|tsodˈed beʔemdatˈo ʃˈel hasˈi ʔˈaj ʔˈej, ʔanˈi lˈo jaχˈol leʔaʃˈeʁ ʔˈo lehakχˈiʃ.
521|letɡuvˈa hamekubˈelet beχˈol ʁaχavˈej haʔolˈam bemikʁˈim ʃˈel χasifˈot ʔitonaʔijˈot lˈo neʔimˈot.
522|ʔˈal ʃmˈa ʃˈel hasfinˈa ʃeʔamdˈa bemeʁkˈaz hapaʁaʃˈa.
523|ʔefʃˈaʁ leʃaʔˈeʁ mˈa hajˈa ʔˈomek hatiskˈul bakʁˈemlin?
524|keʃeneχsˈaf mivtsˈa ʔazˈoʁjan baʔitonˈut haʔameʁikˈanit.
525|ʃehanoχeχˈut ʃˈel ʃtˈej sfinˈot milχamˈa ʁusijˈot baʔezˈoʁ bizmˈan hamivtsˈa.
526|ʃeʔaʁtsˈot habʁˈit meʔunjˈenet limaʃˈot ʔˈet hakˈej mˈeʔa ʔesʁˈim vetˈeʃa mehamˈajim.
527|ʔavˈal mumχˈim sovjˈetim ʃebadkˈu ʔˈet hadavˈaʁ, heʔeʁˈiχu ʃezˈo mesimˈa bˈilti ʔefʃaʁˈit mibχinˈa tˈeχnit.
528|kedˈej lehafʁˈia laɡlˈomaʁ ʔeksplˈoʁeʁ baʔavodatˈa.
529|hetsˈivu haʁusˈim sfinˈot ʃelahˈem baʔezˈoʁ ʃebˈo hajtˈa hatsolˈelet.
530|lˈo hajtˈa bʁeʁˈa ʔˈela levatˈel ʔˈet hanisajˈon haʃenˈi limaʃˈot ʔotˈa mehamˈajim.
531|ʔaɡˈav, zoχʁˈim ʔˈet ʔotˈa pʁitsˈa ʃebˈa niɡnˈav hamismˈaχ hamesuvˈaɡ?
532|ʃehovˈila leχasifatˈo ʃˈel mivtsˈa zˈoʁjan, mispˈaʁ χodaʃˈim leʔaχˈaʁ mikˈen hitɡalˈa.
533|ʃehaʃomˈeʁ ʃehufkˈad ʔˈal hamisʁadˈim, ʃeʔaχʁˈej ʃeʃutafˈav lapˈeʃa nikˈu ʔˈet hakasˈefet mikˈol haχafatsˈim hajekaʁˈim ʃehajˈu bˈa,
534|hˈu ʔasˈaf ʔˈet kˈol hamismaχˈim ʃehajˈu bˈa baʃanˈim ʃeleʔaχˈaʁ sijumˈo ʃˈel mivtsˈa ʔazˈoʁjan.
535|nisˈa hamemʃˈal limkˈoʁ ʔˈet haɡlˈomaʁ ʔeksplˈoʁeʁ leɡufˈim ʃeʔulˈaj jiʁtsˈu laʔasˈot bˈa ʃimˈuʃ.
536|bemˈeʃeχ ʔesʁˈim veχamˈeʃ ʃanˈa, haɡanˈa haglˈomeʁ eksplˈoʁeʁ lelˈo tzuzˈa.
537|huχkeʁˈa hasfinˈa haɡdolˈa laχevʁˈa ʃeʃiptsˈa ʔotˈa.
538|vehiʃtamʃˈa bˈa letsˈoʁeχ kiduχˈim leχipˈus nˈeft.
539|bˈe ʔalpˈajim veχamˈeʃ ʔesʁˈe jatsʔˈa haɡlˈomeʁ ʔeksplˈoʁeʁ miʃeʁˈut beʔˈofen sofˈi.
540|beʔikvˈot hitpaʁkutˈa ʃˈel bʁˈit hamoʔatsˈot ukemeχvˈa ʃˈel ʁatsˈon tˈov mitsˈad haʔameʁikˈanim.
541|heʔenˈik ʁˈoʃ hasˈi ʔˈaj ʔˈej lanasˈi bˈoʁis jˈeltsin veʔalˈeha tiʔˈud ʃˈel tˈekes hakvuʔˈa hajamˈi.
542|ʃeneʔeʁˈaχ leɡufˈot hamalʔaχˈim haʁusˈim ʃenitɡalˈu bˈen sʁidˈeha ʃˈel hakˈej mˈeʔa ʔesʁˈim vetˈeʃa.
543|ʔˈod heʔenˈik ʁˈoʃ hasˈi ʔˈaj ʔˈej lejˈeltsin, ʔamˈuʁ lihjˈot mutkˈan ʔˈal hamiɡdˈal.
544|hablitˈa haɡdolˈa bemeʁkˈaz hatsolˈelet, ʔavˈal lefˈi divuχˈav ʃˈel hasˈi ʔˈaj ʔˈej,
545|hamiɡdˈal lˈo nimʃˈa mehamˈajim ʃenaflˈu baχazaʁˈa ʔˈel hakaʁkaʔˈit.
546|lˈo hajˈa bˈen haχalakˈim ʃenimʃˈu ʔˈejχ hiɡˈia hapaʔamˈon lijedehˈem ʃˈel haʔameʁikˈanim.
547|ʃekˈol hasipˈuʁ ʔˈal hitpaʁkutˈa ʃˈel hatsolˈelet bizmˈan meʃitˈa,
548|zˈo niʃmˈaʔat kemˈo teʔˈoʁjat konspiʁˈatsja.
549|veʔatˈem mevinˈim ʃemivtsˈa zˈoʁjan ʔomˈed leheχasˈef bekaʁˈov batikʃˈoʁet.
550|ʔaχʁˈej kˈol hahatʔajˈot vesipuʁˈej hakisˈuj ʃepizʁˈa soχnˈut habijˈun leɡabˈej mivtsˈa ʔazˈoʁjan,
551|haʔˈim zˈe kˈol kˈaχ biltˈi ʔefʃaʁˈi lehaʔamˈin?
552|todˈa ʁabˈa lenˈatan pˈoznijak, ʔˈiʃ hataχkiʁˈim ʃelˈanu, ʃeʔaʁˈaχ ɡˈam ʔˈet hataχkˈiʁ lapˈeʁek hazˈe.
553|ʔˈim ʔidkunˈim leɡabˈej haʁtsaʔˈa ʃelˈi betˈel ʔavˈiv beʔoktˈobeʁ hakaʁˈov.
554|veʔˈal hanaʔasˈe bʁˈeʃet hapˈodekstim ʃelˈanu baʔesʁˈim veʃtˈajim beʔoktˈobeʁ ʔalpˈajim ʔesʁˈim veʔˈaʁba.
555|benosˈe mahapeχˈat habinˈa hamelaχutˈit ʃetitkajˈem bebˈaʁ ɡijˈoʁa betˈel ʔavˈiv.
556|bemitχˈam halˈondon mˈinistoʁ beʃaʔˈa ʃˈeva baʔˈeʁev.
557|ʔanˈaχnu nedabˈeʁ ʔˈal haʔˈofen ʃebˈo ʔasujˈot hahitpatχujˈot hamasʔiʁˈot beʔolˈam habinˈa hamelaχutˈit.
558|lehaʃpˈia ʔˈal χajˈenu baʔasoʁˈim hakʁovˈim, ʔˈo ʃehˈi dˈavka mesakˈenet ʔotˈanu.
559|baktˈovet bˈaʁ makˈaf ɡijˈoʁa nekudˈa sˈi ʔˈo nekudˈa ʔaˈj ʔeˈl
560|sukˈeʁet miʃpˈat haheɡbelˈim haʔiskijˈim ʃehistajˈem haʃavˈua beʔaʁtsˈot habʁˈit.
561|letovˈat hamimʃˈal haʔameʁikˈani venˈeɡed ɡˈuɡel. mˈahen hamaʃmaʔujˈot ʃˈel hakviʔˈa ʃelˈo?
562|vehaʔˈim hapsikˈa hazˈo teʔatsˈev meχadˈaʃ ʔˈet ʔolˈam hateχnolˈoɡja?
563|ʔˈad lˈo mizmˈan joʃˈev ʁˈoʃ vaʔadˈat hamiktsˈoa batanˈaχ bemisʁˈad haχinˈuχ.
564|tsolelˈim letˈoχ ʃeʔelˈa nfitsˈa, kejtsˈad ʁaʔˈuj lelamˈed tanˈaχ bevatˈej hasˈefeʁ bejamˈenu?
565|mˈa ʔosˈim ʔˈim hapˈaʔaʁ bˈen limudˈej hatanˈaχ hamasoʁatijˈim?
566|mˈa lˈo ʔovˈed beʃitˈot halimˈud hanoχeχijˈot veχejtsˈad nitˈan leʃapˈeʁ ʔˈet χavajˈat limudˈej hatanˈaχ ʔavˈuʁ hatalmidˈim.
567|jonˈa ʃehetsˈila meʔˈot ʔanaʃˈim, χatˈul ʃekatˈav ʔavodˈot befˈizika.
568|vekalbˈa ʃeheɡˈia laχalˈal bepˈeʁek ʃekulˈo baʔalˈej χajˈim.
569|pʁofˈesoʁ ʔˈomeʁ moʔˈav veʃˈiʁa hadˈas nakˈaʁ lesiχˈa ʔˈal ʃiltˈon popolˈist.
570|laʔalijˈat koχˈan ʃˈel miflaɡˈot popolˈistijot bazmˈan haʔaχaʁˈon.
571|baʁˈetsef ʃebˈen demokʁˈatja lediktatˈuʁa ʃejˈeʃ bahˈen ʃiltˈon popolistˈi.
572|kˈol hapˈodkastim ʃelˈanu zminˈim beʔatˈaʁ habˈajit ʃelˈanu, baʔaplikˈatsjat ʔosˈim histˈoʁja beʔˈandʁoʔid.
573|veχˈol ʔaplikˈatsjot hapˈodkastim baʔaʃˈeʁ hˈem. ketamˈid, ʔˈim ʔatˈem ʔohavˈim ʔˈet hatoχnˈit vemeʔunjanˈim litmˈoχ bˈa,
574|ʔˈana ʔizʁˈu lˈi lehavˈi mefaʁsemˈim venotnˈej χasˈut veʔatˈem ɡˈam jeχolˈim lehazmˈin ʔotˈi lehaʁtsˈot baʔiʁɡˈun ʃelaχˈem.
575|bejaχˈad ʔitˈo ɡˈam ʔejʁuʔˈej haʁamˈat hakosˈit hamasoʁatijˈim.
576|ʔˈaz ʔˈim ʁatsˈitem lehavˈi ʔotˈi laʔiʁɡˈun ʃelaχˈem, pnˈu lemaχlˈeket haʁevaχˈa ʃˈel haʔiʁɡˈun.
577|vehatsˈiʔu lahˈem lehazmˈin ʔotˈi lahaʁtsaʔˈa. ʁˈan lˈevi nekudˈa sˈi ʔˈo nekudˈa ʔaˈj ʔeˈl.
578|kolˈel haʁtsaʔˈot ʔˈal binˈa melaχutˈit, ʔavtaχˈat mejdˈa, stˈoʁi tˈelinɡ.
579|χalˈal, histˈoʁja veʔˈod vaʔˈod. hilˈa ʃˈemeʃ ʃelˈi ɡuʔetˈa vekaʁmˈel kejnˈaʁ mefikˈot veʔoʁχˈot.
580|ʔavˈiv ʃˈem tˈov, menahˈelet sipˈuʁ miʃpaχtˈi, ʔanˈi ʁˈan levˈi, kotˈev umeɡˈiʃ.
581|ʃalˈom ubʁuχˈim habaʔˈim leʔosˈim histˈoʁja. lifnˈej miljˈaʁd uʃlˈoʃ meʔˈot miljonˈej ʃanˈim.
582|kadˈuʁ haʔˈaʁets hajˈa ʃonˈe meʔˈod mikfˈi ʃeʔanˈaχnu makiʁˈim ʔotˈo hajˈom.
583|mehiʁˈut hasivˈuv ʃˈel koχˈav halˈeχet ʃelˈanu hajtˈa ɡvˈoha jotˈeʁ.
584|vehajamˈim hajˈu ktsaʁˈim jotˈeʁ. ubaʔokijˈanosim, ʃemejmehˈem hajˈu χomtsijˈim jotˈeʁ mikfˈi ʃehˈem hajˈom,
585|saχˈu jetsuʁˈim χˈad taʔˈim bilvˈad. ʔamˈad lehitʁaχˈeʃ ʔeχˈad mehaʔejʁuʔˈim haʔalimˈim, hadʁamˈatim.
586|ʃnˈej χoʁˈim ʃχoʁˈim ʔanakˈim, haʔeχˈad kavˈed pˈi ʃloʃˈim veʃiʃˈa mehaʃˈemeʃ ʃelˈanu.
587|vehaʃenˈi pˈi ʔesʁˈim vetiʃʔˈa, vekaʔˈet hajˈu leχudˈim beʁikˈud katlanˈi.
588|koχˈot hameʃiχˈa haʔadiʁˈim ʃˈel ʃtˈej hamiflatsˈot haʔafelˈot
589|tiltelˈu ʔˈet haχalˈal ʃesvivˈam, mezaʔazeʔˈot ʔˈet hamaʔaʁˈaɡ habsisˈi ʃˈel hameʁχˈav.
590|bemeʁχˈak ʃˈel ʃlˈoʃ meʔˈot veχamiʃˈim kilomˈetʁim bilvˈad zˈe mizˈe.
591|kˈol ʔeχˈad mehˈem nˈa bimhiʁˈut ʃˈel ʃloʃˈim ʔˈad ʃiʃˈim ʔaχuzˈim.
592|ubaʁˈeɡa hazˈe χˈomeʁ behekˈef ʃˈel lˈo paχˈot miʃalˈoʃ peʔamˈim hamˈasa ʃˈel haʃˈemeʃ ʃelˈanu.
593|humˈaʁ kulˈo bevˈat ʔaχˈat betˈoχ paχˈot mˈe ʔesʁˈim mˈili ʃnijˈot.
594|ʔenˈeʁɡija behespˈek ʃˈel ʔˈeseʁ beχezkˈat ʔaʁbaʔˈim vetˈeʃa vˈat.
595|ʔˈeseʁ veʔaʁbaʔˈim vetiʃʔˈa ʔafasˈim ʔaχaʁˈav.
596|kˈol hakoχavˈim bajekˈum haniʁʔˈe, veʔaχʁˈej hahitnaɡʃˈut hamiflatstˈit hazˈo,
597|bamakˈom ʃebˈo hajˈu ʃnˈej χoʁˈim ʃχoʁˈim, nitsˈav kaʔˈet ʁˈak χˈoʁ ʃaχˈoʁ jaχˈid.
598|ʔavˈal hazaʔazuʔˈim ʃetiltelˈu ʔˈet hameʁχˈav.
599|hˈem himʃˈiχu lehitpaʃˈet minekudˈat hahitnaɡʃˈut kemˈo hadvˈot bemˈej ʔaɡˈam ʃketˈim.
600|miljˈaʁd uʃlˈoʃ meʔˈot ʃanˈim meʔuχˈaʁ jotˈeʁ ʔamˈad madʔˈan ʔitalkˈi latsˈet laʔaʁuχˈat hatsahaʁˈajim ʃelˈo.
601|hajtˈa hataɡlˈit hamadaʔˈit haχaʃuvˈa bejotˈeʁ ʔˈad kˈo.
602|sifʁˈo ʃˈel haɡaʔˈon habʁˈiti ʔˈajzik njˈuton neχʃˈav beʔenˈej ʁabˈim, ubetsˈedek,
603|lajetsiʁˈa hamadaʔˈit haχaʃuvˈa bejotˈeʁ bahistˈoʁja.
604|hateʔˈoʁja ʃeʃatˈaχ njˈuton besifʁˈo χolelˈa mahapeχˈa bahavanˈa ʃelˈanu ʔˈet hajekˈum vehakoχˈot ʃeʃoltˈim bˈo.
605|haklalˈim vehanusχaʔˈot ʃeʁaʃˈam njˈuton hesbˈiʁu miɡvˈan ʁaχˈav ʃˈel tofaʔˈot ʃekʃuʁˈot bakvidˈa.
606|haχˈel mehamaslˈul ʃeʔosˈa ʔˈeven ʃenizʁˈeket laʔavˈiʁ.
607|veχalˈa bemaslˈul tnuʔatˈam ʃˈel koχvˈej halˈeχet svˈiv haʃˈemeʃ.
608|zmˈan lˈo ʁˈav leʔaχˈaʁ ʃepiʁsˈem njˈuton ʔˈet hasˈefeʁ ʃelˈo.
609|ktanˈot, kimʔˈat χasʁˈot maʃmaʔˈut, kovˈea kˈi kdˈej leʃanˈot ʔˈet mehiʁutˈo ʔˈo kivˈun tnuʔatˈo ʃˈel ʔˈetsem kˈolʃehu,
610|jˈeʃ lehafʔˈil ʔalˈav kˈoaχ veʔotsmˈat hakˈoaχ ʃejˈeʃ lehafʔˈil.
611|tlujˈa bamˈasa ʃˈel haʔˈetsem. zˈe mˈaʃu ʃekˈol ʔeχˈad meʔitˈanu mevˈin ʔintuʔitˈivit.
612|kedˈej lehazˈiz ʔˈet haʔˈeven haɡdolˈa vehamasˈivit jˈeʃ kˈol minˈej suɡˈim ʃˈel koχˈot.
613|hakˈol hazˈe ʃajˈaχ lepʁofˈesoʁ ʔejlˈam ɡʁˈos mehamaχlakˈa lefˈizikat χelkikˈim veʔˈastʁo fˈizika bemaχˈon vˈajtsman.
614|mˈi ʃeʔamˈad beʁˈoʃ hakvutsˈa ʃeχipsˈa umatsʔˈa.
615|haʃeʔelˈa ʃemaʔalˈa pʁofˈesoʁ ɡʁˈos hˈi kˈol kˈaχ bsisˈit veʔamukˈa.
616|ʔanˈi mitpalˈe ʔˈal ʔatsmˈi ʔˈal kˈaχ ʃeʔˈaf pˈaʔam lˈo χalfˈa bemoχˈi hamaχʃavˈa hazˈo.
617|kʃeʔanˈi lamˈadeti ʔˈet toʁatˈo ʃˈel njˈuton. kʃeʔanˈaχnu meʁimˈim ʔˈo mezizˈim ʔˈeven,
618|kˈoaχ χazˈak jotˈeʁ kedˈej lehazˈiz ʔˈeven kvedˈa, kˈi ʔanˈaχnu maʁɡiʃˈim ʔˈet haʔˈeven veʔˈet hatnuʔˈa ʃelˈa.
619|moʃˈeχet ʔˈet kadˈuʁ haʔˈaʁets bemeʁχˈak ʃˈel meʔˈa veχamiʃˈim miljˈon kilomˈetʁim.
620|jodˈaʔat bemeʁχaʔˈot haʃˈemeʃ kˈama kˈoaχ hˈi tsʁiχˈa lehafʔˈil kedˈej lehazˈiz ʔˈet kadˈuʁ haʔˈaʁets.
621|leʔumˈat hakˈoaχ ʃehˈi tsʁiχˈa lehafʔˈil kedˈej lehazˈiz. ʃehaʃeʔelˈa hatmimˈa hazˈo hetsbiʔˈa ʔˈal bˈaɡ ʔefʃaʁˈi bateʔˈoʁja ʃelˈo.
622|ʔavˈal hˈu vehaχokʁˈim ʃebˈaʔu ʔaχaʁˈav lˈo hetslˈiχu latˈet lˈa maʔanˈe.
623|biʃnˈat ʔˈelef tʃˈa meʔˈot veχamˈeʃ piʁsˈem ʔˈalbeʁt ʔˈajinʃtejn, pakˈid bemisʁˈad patˈentim ʃvetsˈaʁi,
624|ʔeχˈad mitˈoχ sidʁˈa ʃˈel ʔaʁbaʔˈa maʔamaʁˈim ʃekˈol ʔeχˈad mehˈem paʁˈats dˈeʁeχ bitχumˈo.
625|ʃemukˈeʁet lˈanu kajˈom beʃˈem toʁˈat hajaχasˈut hapʁatˈit.
626|toʁˈat hajaχasˈut hapʁatˈit ʔaskˈa beʔatsamˈim ʃenaʔˈim mehiʁˈut kvuʔˈa ubekˈav jaʃˈaʁ.
627|uvʔikvˈot hahatslaχˈa haʔadiʁˈa ʃˈel hateʔˈoʁja hazˈo, ɡˈam leʔatsamˈim ʃenimtsaʔˈim beteʔutsˈa.
628|ʔatsamˈim ʃenaʔˈim bemehiʁˈut miʃtanˈa, ʔavˈal beʔˈod ʃetoʁˈat hajaχasˈut hapʁatˈit.
629|ʔˈajinʃtejn nisˈaχ betˈoχ kamˈa χodaʃˈim bilvˈad, hˈu ʔavˈad bemˈeʃeχ ʔˈeseʁ ʃanˈim tmimˈot.
630|vehadˈeʁeχ ʔelˈeha hajtˈa ʁetsufˈa beʃɡiʔˈot vetaʔujˈot lemaχbˈiʁ.
631|mikejvˈan ʃehamatemˈatika ʃˈel toʁˈat hajaχasˈut haklalˈit hajtˈa haʁbˈe jotˈeʁ mesubˈeχet,
632|veʔˈajinʃtejn ʔˈal kˈol haɡeʔonijˈut ʃelˈo, besofˈo ʃˈel davˈaʁ hetslˈiaχ ʔˈajinʃtejn laʔamˈod bamsimˈa ʃehitsˈiv leʔatsmˈo.
633|uvˈen ʃlˈal hatovanˈot vehaʁaʔajonˈot hameʁatkˈim ʃeheχˈila toʁˈat hajaχasˈut haklalˈit,
634|hajtˈa ʔaχˈat ʃeʁelevˈantit bimjuχˈad laʔinjˈan ʃelˈanu.
635|ʔaχʁˈej lemˈala mˈi matˈajim ʃanˈa, ʔˈet ʔotˈa habaʔajˈa ʃehetʁˈida kˈol kˈaχ.
636|ʔˈejχ mesuɡˈelet haɡʁavitˈatsja laχˈuʃ bemeʁχaʔˈot mimeʁχˈak?
637|ʔˈet hamˈaʔasa ʃˈel ɡˈuf ʔaχˈeʁ, ʃalˈoʃ milˈim ʃekˈol ʔaχˈat mˈehen bifnˈej ʔatsmˈa.
638|ʔavˈal jˈaχad hˈen jotsʁˈot miʃpˈat ʃeniʁʔˈa keʔˈilu lakˈuaχ misˈeʁet madˈa bidjonˈi.
639|ʔˈaz bˈoʔu natχˈil lefaʁˈek ʔˈet haʁaʔajˈon hazˈe leɡoʁmˈim, meʁχˈav hˈu haχalˈal hatlˈat mejmadˈi.
640|ʔanˈaχnu jeχolˈim lanˈua bˈo lemˈala, lemˈata, kadimˈa veʔaχˈoʁa, jaminˈa vesmˈola.
641|hˈem lˈo hakivunˈim hajeχidˈim ʃebahˈem ʔanˈaχnu naʔˈim. kfˈi ʃeχasˈaf ʔˈajinʃtejn betoʁˈat hajaχasˈut hapʁatˈit ʃelˈo,
642|ɡˈam hazmˈan hˈu ʔˈod mejmˈad ʃekazˈe, ʁˈak ʃebamikʁˈe ʃˈel hazmˈan ʔanˈaχnu mesuɡalˈim lanuˈa bˈo ʁˈak bekivˈun ʔeχˈad.
643|ʃeʔanˈaχnu lˈo mamˈaʃ mesuɡalˈim ledamjˈen ʔˈet zˈe, haʁˈej ʔanˈaχnu ʔafˈilu lˈo mesuɡalˈim ledamjˈen meʁχˈav.
644|ʔˈaʁba mejmadˈi ʁaɡˈil bemeʁχaʔˈot ʔˈaz ʔˈal ʔaχˈat kamˈa veχamˈa meʁχˈav ʔakˈum.
645|ʔavˈal ʔˈim pʁofˈesoʁ ɡʁˈos mesuɡˈal lehasbˈiʁ ʔˈet hakˈonsept hazˈe,
646|ʔanˈi dˈej batˈuaχ ʃeɡˈam ʔatˈem tatslˈiχu lehavˈin ʔotˈo. hasmiχˈa hadˈu mejmadˈit hamtuχˈa.
647|meʁχˈav ʔaʁbaʔˈa mejmadˈi ʃatˈuaχ. jaχˈol lihjˈot ʃenitkˈaltem behadɡamˈa ʔaχˈeʁet ʃˈel ʔotˈo haʁaʔajˈon.
648|ʃemetsivˈim baknisˈa mitkˈan χamˈud leʔisˈuf tʁumˈot.
649|ʔatˈa maχnˈis matbeˈa letˈoχ hamitkˈan veʔˈaz hamatbeˈa matχˈil lehistaχʁˈeʁ savˈiv savˈiv betˈoχ hamaʃpˈeχ.
650|veʔˈaz hˈu nofˈel pnˈima letˈoχ mejχˈal ʔisˈuf hatʁumˈot.
651|kemˈo hatnuʔˈa ʃˈel kadˈuʁ hatˈenis betˈoχ hamaʃpˈeχ bemeʁχaʔˈot.
652|ʔˈet tnuʔatˈo ʃˈel kadˈuʁ haʔˈaʁets svˈiv haʃˈemeʃ. keʔˈilu ʃehˈi kadˈuʁ hakˈoaχ ʃemotˈeaχ umeʔakˈem ʔˈet hasmiχˈa,
653|vejotsˈeʁ bˈa meʔˈen maʃpˈeχ. ukmˈo kadˈuʁ hatˈenis ʔˈo hamatbeˈa,
654|ʃemistaχʁeʁˈim svˈiv hamaʃpˈaχ hazˈe. hatovanˈa hameʁatˈeket vehamaftiʔˈa.
655|ʃemistatˈeʁet betˈoχ haʔanalˈoɡja hazˈo, lˈo tsaʁˈiχ ʔˈet kˈoaχ hameʃiχˈa kedˈej lehasbˈiʁ lˈama kadˈuʁ haʔˈaʁets mistovˈev svˈiv haʃˈemeʃ.
656|bidjˈuk kefˈi ʃelˈo tsaʁˈiχ ʔˈet kˈoaχ hameʃiχˈa kedˈej lehasbˈiʁ lˈama kadˈuʁ hatˈenis mistovˈev svˈiv kadˈuʁ hakˈoaχ.
657|mikejvˈan ʃehaʃˈemeʃ hamasˈivit vehakvedˈa meʔakˈemet ʔˈet haχalˈal ʃemisvivˈa.
658|ʔˈejn bʁeʁˈa ʔˈela lanˈua bemaslˈul maʔaɡalˈi.
659|betˈoχ hamaʃpˈeχ haʔaʁbaʔˈa mejmadˈi ʃejotsˈeʁ ʔˈet haʃˈemeʃ.
660|bidjˈuk kmˈo ʃelekadˈuʁ hatˈenis vehamatbeˈa, ʔˈejn bʁeʁˈa ʔˈela lanˈua betˈoχ hamaʃpˈeχ hatlˈat mejmadˈi.
661|potˈeʁet ʔˈet habeʔajˈa ʃeteʔˈaʁti bateʔˈoʁja ʃˈel njˈuton.
662|laχˈuʃ ʔˈet hamˈasa ʃˈel kadˈuʁ haʔˈaʁets mimeʁχˈak.
663|velehafʔˈil ʔalˈeha bidjˈuk ʔˈet kamˈut hakˈoaχ ʃenidʁˈaʃ.
664|kdˈej lehaχzˈik ʔˈet kadˈuʁ haʔˈaʁets bamaslˈul svivˈa. ʔˈejn davˈaʁ kazˈe kˈoχ meʃiχˈa.
665|lˈo mafʔilˈa kˈoaχ meʃiχˈa meʁaχˈok ʔˈal kadˈuʁ haʔˈaʁets.
666|kˈi hˈi lˈo mafʔilˈa kˈoaχ, nekudˈa. jˈeʃ ʁˈak mˈasa ʃemeʔakˈemet ʔˈet hameʁχˈav.
667|veɡufˈim ʃenaʔˈim betˈoχ hameʁχˈav heʔakˈum hazˈe beʔˈofen ʃedomˈe laʔˈofen ʃebˈo hˈem hajˈu naʔˈim.
668|piʁsˈem ʔˈajinʃtejn ʔˈet toʁˈat hajaχasˈut haklalˈit ʃelˈo. beniɡˈud letoʁˈat hajaχasˈut hapʁatˈit,
669|ʃehˈu piʁsˈem ʔˈeseʁ ʃanˈim kˈodem laχˈen, venitkablˈa dˈej mahˈeʁ ʔˈal jedˈej hakehilˈa hamadaʔˈit.
670|lˈo ʔastˈa haʁbˈe ɡalˈim baʃanˈim haʁiʃonˈot leʔaχˈaʁ hatsaɡatˈa.
671|hˈi ʃehamatemˈatika ʃˈel toʁˈat hajaχasˈut haklalˈit hajtˈa kaʔamˈuʁ haʁbˈe jotˈeʁ mesubˈeχet umeʔatɡˈeʁet mizˈo ʃˈel hajaχasˈut hapʁatˈit.
672|veʁˈak meʔˈat meʔˈod fizikˈaʔim hevˈinu ʔotˈa beʔotˈo hazmˈan.
673|hajtˈa ʃehaʁaʔajˈon ʃˈel meʁχˈav zmˈan ʔakˈum.
674|hajˈa kˈol kˈaχ zˈaʁ umuzˈaʁ ʃeʁˈov hamadʔanˈim lˈo hajˈu muχanˈim liʃkˈol ʔotˈo biʁtsinˈut lelˈo hoχaχˈa mutsakˈa.
675|mˈaʃehu kmˈo meʁχˈav zmˈan ʔakˈum. hamafteˈaχ, lahoχaχˈa hazˈo mistabˈeʁ?
676|veɡˈam toʁˈat hajaχasˈut ʃˈel ʔˈajinʃtejn, menabˈot ʃehaʔˈoʁ ʔamˈuʁ lihjˈot muʃpˈa mikˈoaχ hameʃiχˈa.
677|pˈi ʃnˈajim jotˈeʁ χazakˈa mikfˈi ʃemenabˈet toʁˈat hakvidˈa ʃˈel njˈuton.
678|ʃemdidˈa ʃˈel midˈat hahaʃpaʔˈa ʃˈel kˈoaχ hameʃiχˈa ʔal haʔˈoʁ bafˈoʔal.
679|mˈi mebˈen ʃtˈej hateʔˈoʁjot haʔˈele, haʔˈoʁ ʃemaɡˈia ʔelˈenu mikoχavˈim ʁeχokˈim,
680|ʔavˈal kʃekaʁnˈej haʔˈoʁ haʔˈele χolfˈot lejˈad haʃˈemeʃ, haʔikˈum ʃejotsˈeret haʃˈemeʃ bemeʁχˈav svivˈa,
681|jiɡʁemˈu lekaʁnˈej haʔˈoʁ haʔˈele lehitʔakˈem veleʃanˈot ʔˈet maslulˈam.
682|mˈi ʃetsofˈe bekoχˈav ʁaχˈok ʃekazˈe mikadˈuʁ haʔˈaʁets, jiʁʔˈe ʔˈet hakoχˈav keʔˈilu ʃehˈu zˈaz ktsˈat mimkomˈo.
683|kʃehˈu χolˈef samˈuχ laʃˈemeʃ baʃamˈajim. haʔˈoʁ ʃˈel haʃˈemeʃ mesanvˈeʁ midˈaj.
684|veʔˈi ʔefʃˈaʁ litspˈot bekoχavˈim ʃenimtsaʔˈim samˈuχ ʔelˈeha.
685|bezmˈan likˈuj χamˈa hajaʁeˈaχ mastˈiʁ ʔˈet haʃˈemeʃ.
686|vemaχaʃˈiχ ʔˈet haʃamˈajim maspˈik, kdˈej ʃeʔefʃˈaʁ jihjˈe litspˈot bakoχavˈim hakʁovˈim ʔelˈeha.
687|hanisjonˈot haʁiʃonˈim lehoχˈiaχ ʔˈet hateʔˈoʁja ʃˈel ʔˈajnʃten.
688|beʔemtsaʔˈut tatspˈit ʔˈal koχavˈim smuχˈim laʃˈemeʃ, naʔasˈu kvˈaʁ beʔˈelef tʃˈa meʔˈot veʔeχˈad ʔesʁˈe.
689|ʔafˈilu betˈeʁem piʁsˈem ʔˈajinʃtejn ʔˈet hateʔˈoʁja ʃelˈo beʔˈofen ʁiʃmˈi.
690|ʔavˈal ʔˈaf ʔeχˈad mehanisjonˈot haʔˈele lˈo jatsˈe ʔˈel hafˈoʔal.
691|lifʔamˈim biɡlˈal ʔananˈim ʃehistˈiʁu ʔˈet haʃamˈajim bizmˈan halikˈuj.
692|ʔˈo biɡlˈal ʃemilχˈemet haʔolˈam haʁiʃonˈa hefʁˈia laχokʁˈim levatsˈea ʔˈet hatatspijˈot ʃelahˈem.
693|leʔˈajinʃten hajˈa mazˈal ɡadˈol ʃeʔˈaf ʔeχˈad lˈo hitslˈiaχ levatsˈea ʔˈet hamedidˈot haʔˈele.
694|hˈu ɡilˈa ʃehaχiʃuvˈim hamukdamˈim ʃelˈo leɡabˈej midˈat hahaʃpaʔˈa ʃˈel ʔikˈum hameʁχˈav ʔˈal haʔˈoʁ,
695|hatotsaʔˈot ʃelahˈen hajˈu kaniʁʔˈe ʔomdˈot bistiʁˈa leʔotˈam χiʃuvˈim ʃɡujˈim ʃˈel ʔˈajinʃtejn.
696|hovˈil haʔastʁonˈom habʁˈiti ʔˈaʁtuʁ ʔˈedinɡton ʃtˈej miʃlaχˈot meχkˈaʁ ʃetsilmˈu likujˈej χamˈa bevʁazˈil uvemaʔaʁˈav ʔˈafʁika.
697|ʔaχˈen taʔamˈu hejtˈev ʔˈet taχazijotˈav hametukanˈot ʃˈel ʔˈajnʃten.
698|vehoχˈiχu ʔˈet neχonutˈa ʃˈel toʁˈat hajaχasˈut haklalˈi.
699|hajˈa dmˈut mukˈeʁet beʔolˈam hamadˈa bizχˈut toʁˈat hajaχasˈut hapʁatˈit ʃelˈo.
700|ʔavˈal lˈo mamˈaʃ mukˈaʁ bekˈeʁev hatsibˈuʁ haʁaχˈav.
701|ʔaχʁˈej piʁsˈum totsʔˈot hatatspijˈot ʃˈel ʔˈedinɡton, keʃekotaʁˈot haʔitonˈim beχˈol haʔolˈam bisʁˈu behitʁaɡʃˈut.
702|ʔˈal hahoχaχˈa hamoχˈetset linχonutˈa ʃˈel toʁˈat hajaχasˈut.
703|veʔˈal haʔˈofen ʃebˈo hˈi hitʔaltˈa ʔˈal toʁatˈo ʃˈel njˈuton.
704|ʔˈajinʃtejn hafˈaχ lesˈupeʁ stˈaʁ ulemˈi ʃeneχʃˈav leʔaχˈad haɡeʔonˈim haɡdolˈim bahistˈoʁja.
705|baʔasoʁˈim ʃeleʔaχˈaʁ piʁsˈum toʁˈat hajaχasˈut haklalˈit,
706|hitpanˈa ʔˈajinʃtejn laʔasˈok behebetˈim ʃonˈim ʃˈel toʁˈat hajaχasˈut ʃelˈo.
707|veʔeχˈad hanosʔˈim ʃeɡeʁˈu ʔˈet sakʁanutˈo hajˈa ʁaʔajˈon ʃeheʔelˈa hamatematikˈaj hatsaʁfatˈi ʔenʁˈi poʔankʁˈe.
708|heʔelˈa ʔˈet haʔefʃaʁˈut ʃekˈoaχ hameʃiχˈa mitpaʃˈet beʁaχavˈej hajekˈum.
709|beʔotˈo haʔˈofen ʃebˈo mitpaʃtˈim ɡalˈim ʔelˈektʁo maɡnˈetim.
710|kemˈo lemaʃˈal haʔˈoʁ haniʁʔˈe ʔˈo ɡalˈej ʁˈadjo. metsujˈad betovanˈot ʃˈel hateʔˈoʁja haχadaʃˈa ʃelˈo,
711|ʃeɡalˈej hakvidˈa ʃehetsˈia poʔankʁˈe ʔasujˈim lihjˈot totsaʔˈa jeʃiʁˈa ʃˈel haʁaʔajˈon ʃˈel ʔikˈum hameʁχˈav.
712|ʔˈim ʔanˈaχnu nikˈaχ mˈasa kvedˈa ʃemeʔakˈemet ʔˈet hameʁχˈav.
713|venazˈiz ʔotˈa halˈoχ vaʃˈov, haʃinujˈim bˈa kmˈo miʔˈut ʃejotsˈeʁ ʔˈet hamˈas heʔanˈa hazˈo.
714|ʔasujˈim lehitpaʃˈet bameʁχˈav leχˈol hakivunˈim bemaʔamˈaʁ ʃepiʁsˈem beʔˈelef tʃˈa meʔˈot veʃˈeʃ ʔesʁˈe.
715|mitpaʃtˈim bameʁχˈav bimehiʁˈut haʔˈoʁ. zˈo hajtˈa tovanˈa meʁatˈeket vejiχudˈit.
716|ʃekˈen ʔˈal pˈi toʁatˈo ʃˈel njˈuton ʔˈim haʃˈemeʃ hajtˈa neʔelˈemet mesibˈa kˈolʃehi.
717|ɡˈam kˈoaχ hameʃiχˈa ʃelˈa hajˈa mafsˈik lehaʃpˈia ʔˈal kadˈuʁ haʔˈaʁets.
718|ʃˈum davˈaʁ bajekˈum lˈo jaχˈol lanˈua mahˈeʁ jotˈeʁ mimehiʁˈut haʔˈoʁ.
719|vezˈe kolˈel ɡˈam ʔˈet ɡalˈej hakvidˈa. hajinˈu maʁɡiʃˈim ʔˈet haʃinˈuj baʔakmumijˈut ʃˈel hameʁχˈav kˈan beχadˈuʁ haʔˈaʁets.
720|ʁˈak ʃmˈone vemˈaʃu dakˈot meʔuχˈaʁ jotˈeʁ, ʃejeʃnˈam ʃloʃˈa suɡˈim ʃˈel ɡalˈej kvidˈa.
721|benoɡˈea lasuɡˈim haʃonˈim velahevdelˈim benehˈem, mikejvˈan ʃeʃanˈim sfuʁˈot leʔaχˈaʁ mikˈen.
722|ʔotˈo ʔˈedinɡton ʃehoχˈiaχ ʔˈet neχonutˈa ʃˈel toʁˈat hajaχasˈut beʔˈelef tʃˈa meʔˈot vetʃˈa ʔesʁˈe.
723|ʃeʔˈajinʃtejn taʔˈa beχiʃuvˈav veʃejaχˈol lihjˈot leχˈol hajotˈeʁ ʁˈak sˈuɡ ʔeχˈad ʃˈel ɡalˈej kvidˈa.
724|veɡˈam leʔˈajinʃtejn ʔatsmˈo, beʔˈetsem kijumˈam ʃˈel ɡalˈej kvidˈa.
725|beʔˈelef tʃˈa meʔˈot ʃloʃˈim vaʃˈeʃ katvˈu ʔˈajinʃtejn veʔeχˈad meʔamitˈav, hafizikˈaj nˈatan ʁozˈen,
726|maʔamˈaʁ uvˈo taʔanˈu ʃebʔˈetsem ɡalˈej kvidˈa sotʁˈim ʔˈet hamiʃvaʔˈot ʃˈel toʁˈat hajaχasˈut haklalˈit.
727|velaχˈen hˈem ʔejnˈam jeχolˈim lehitkajˈem bametsiʔˈut. ʃalˈaχ ʔˈet hamaʔamˈaʁ lemaɡazˈin madaʔˈi ʔameʁikˈaʔi jukʁatˈi beʃˈem.
728|veʔoʁˈeχ hamaɡazˈin natˈan ʔotˈo lfizikˈaj beʃˈem hˈawaʁd rˈobeʁtson.
729|kdˈej ʃejaʔavˈiʁ ʔalˈav bikˈoʁet lifnˈej hapiʁsˈum. ʔavˈal kʃekibˈel ʔˈajinʃtejn lejadˈav ʔˈet haheʔaʁˈot haʔˈele,
730|ʃehajˈa ʔˈaz mehaɡˈeʁ taʁˈi leʔaʁtsˈot habʁˈit, maɡazˈinim madaʔijˈim piʁssmˈu ʔˈet hamaʔamaʁˈim ʃelˈo kmˈo ʃehˈem.
731|ʔˈajinʃtejn hazohˈem ʃalˈaχ miχtˈav kaʔˈus laʔoʁˈeχ.
732|ʃalˈaχnu mˈaʁ ʁozˈen veʔanoχˈi ʔˈet hamaʔamˈaʁ lepiʁsˈum bajaʁχˈon ʃelχˈa.
733|ʔavˈal lˈo ʔiʃˈaʁnu leχˈa lehaʁʔˈot ʔotˈo leχokʁˈim ʔaχeʁˈim lifnˈej piʁsumˈo.
734|ʔanˈi lˈo ʁoʔˈe sibˈa lehitjaχˈes laheʔaʁˈot, ʔanˈi maʔadˈif lefaʁsˈem ʔˈet hamaʔamˈaʁ bemaɡazˈin ʔaχˈeʁ.
735|ʔazˈav nˈatan ʁozˈen, ʃutafˈo ʃˈel ʔˈajinʃtejn leχtivˈat hamaʔamˈaʁ.
736|veʔˈajnʃten heχˈel laʔavˈod ʔˈim fizikˈaj ʔaχˈeʁ beʃˈem lˈiʔopold ʔinfˈeld.
737|beʔeχˈad hajamˈim paɡˈaʃ ʔˈinfeld ʔˈet hˈawaʁd rˈobeʁtson.
738|veheχˈelu lesoχˈeaχ ʔˈal nosʔˈim ʃonˈim bakosmolˈoɡja, ʔuvˈen hajˈeteʁ ɡˈam ʔˈal haʁaʔajˈon ʃˈel ɡalˈej kvidˈa.
739|ʃehˈu zˈe ʃebikˈeʁ ʔˈet hamaʔamˈaʁ ʃˈel ʔˈajinʃtejn veʁozˈen.
740|vehesbˈiʁ lˈo ʔˈet hataʔujˈot ʃeɡilˈa bamaʔamˈaʁ. hesbˈiʁ lˈo ʔˈet taʔanotˈav ʃˈel rˈobeʁtson.
741|veʔˈajinʃtejn neʔelˈats lehaskˈim ʔimˈam, vehiɡˈia lemaskanˈa hafuχˈa mizˈo hamekoʁˈit.
742|lˈo sotʁˈim ʔˈet hamiʃvaʔˈot ʃˈel toʁˈat hajaχasˈut, velaχˈen hˈem ʔefʃaʁijˈim beheχlˈet.
743|ʔˈajinʃtejn piʁsˈem ʔˈet hamaʔamˈaʁ hametukˈan betosˈefet todˈa mejuχˈedet lehˈawaʁd rˈobeʁtson ʔˈal ʃeɡilˈa ʔˈet haʃɡiʔˈot bamaʔamˈaʁ hamekoʁˈi.
744|lamʁˈot ʃehateʔˈoʁja heʁʔatˈa ʃeɡalˈej kvidˈa leʔolˈam lˈo natslˈiaχ leɡalˈot ʔotˈam bafˈoʔal.
745|baʔanalˈoɡja ʃenatˈanu mikˈodem, dimˈinu ʔˈet hameʁχˈav haʔaʁbaʔˈa mejmadˈi lesmiχˈa.
746|smiχˈa ʔasujˈa mibˈad ɡamˈiʃ ʃekˈal leʔakˈem velimtˈoaχ ʔotˈo.
747|veʔˈilu hameʁχˈav zmˈan ʃˈel hajekˈum leʔumˈat zˈot hˈu haʁbˈe jotˈeʁ kaʃˈiaχ.
748|ʔanalˈoɡja tovˈa jotˈeʁ mibχinˈa zˈo bejeʁijˈat pˈaχ kʃiχˈa.
749|pʁofˈesoʁ ɡʁˈos meχavˈen leɡufˈim ʔˈultʁa kvedˈim kemˈo χoʁˈim ʃχoʁˈim ʔˈo koχvˈej njutʁˈon.
750|ʃehamˈasa ʃelahˈem ɡdolˈa pˈi kamˈa veχˈama mizˈo ʃˈel haʃˈemeʃ.
751|besvivatˈa hakʁovˈa ʃˈel maʔaʁˈeχet haʃˈemeʃ, velaχˈen ʔˈajinʃtejn hajˈa meʃuχnˈa ʃeɡˈam ʔˈim jijvatsʁˈu ɡalˈej kevidˈa ʃekaʔˈele beʔˈofen kˈolʃehu,
752|hˈem jihjˈu kˈol kˈaχ χalaʃˈim vezeʔiʁˈim, ʔˈad ʃelˈo tihjˈe ʃˈum dˈeʁeχ maʔasˈit.
753|hajˈu χokʁˈim ʃehajˈu sakʁanˈim meʔˈod leɡabˈej ɡalˈej kvidˈa.
754|hajˈa fizikˈaj beʃˈem dʒˈozef wˈebeʁ, pitˈaχ ɡalˈaj ʁiʃˈon misuɡˈo limdidˈat ɡalˈej kvidˈa.
755|hajˈa ʔasˈuj miɡalˈil ʔalumˈinjum ɡadˈol vekavˈed.
756|ʃehajˈa mukˈaf beχajʃanˈim ʔelektʁˈonim. keʃeɡˈal kvidˈa ʔovˈeʁ dˈeʁeχ χˈomeʁ kˈolʃehu,
757|lehimatˈaχ velehitkavˈets χalifˈot. zˈe lˈo haχˈomeʁ ʔatsmˈo ʃenimtˈaχ umitkavˈets, ʔˈela hameʁχˈav hˈu zˈe ʃenitʔakˈem.
758|vehaχˈomeʁ mitʔakˈem jˈaχad ʔitˈo. ɡoʁmˈot leʁeʔidˈot zeʔiʁˈot betˈoχ haɡalˈil.
759|biʃnˈat ʔˈelef tʃˈa meʔˈot ʃiʃˈim vatˈeʃa piʁsˈem wˈebeʁ maʔamˈaʁ
760|uvˈo taʔˈan kˈi hitslˈiaχ leɡalˈot ɡalˈej kvidˈa.
761|kˈi ʔˈim sidʁˈa ʔaʁukˈa ʃˈel ɡalˈim ʃekaʔˈele, ʃemekoʁˈam bemeʁkˈaz haɡalˈaksija ʃelˈanu.
762|hahatslaχˈa hazˈo diʁbenˈa mispˈaʁ kvutsˈot meχkˈaʁ livnˈot ɡalaʔˈej wˈebeʁ miʃelahˈem.
763|ʔafˈilu mitkadmˈim jotˈeʁ mehaɡalˈaj hamekoʁˈi ʃˈel wˈebeʁ.
764|ʔavˈal ʔˈaf ʔaχˈat mehakvutsˈot haʔˈele lˈo hetslˈiχa leʃaχzˈeʁ ʔˈet hamedidˈot hamekoʁijˈot.
765|hˈem lemaʔasˈe tofaʔˈa ʔaχˈeʁet leɡˈamʁej. χizˈek meʔˈod ʔˈet hatχuʃˈa bekˈeʁev hakehilˈa hamadaʔˈit.
766|hˈem χalaʃˈim mikfˈi ʃenitˈan jihjˈe leɡalˈot ʔotˈam. ʁˈasel hˈols vedʒˈozef tˈejloʁ.
767|limtsˈo hoχaχˈa ʔakifˈa umaftiʔˈa lekijumˈam ʃˈel ɡalˈej kvidˈa.
768|hˈu haʔuvdˈa ʃebeʔotˈo ʔˈofen ʃebˈo kedˈej lenaʔˈeʁ jeʁiʔˈat pˈaχ mutsakˈa.
769|kˈaχ ɡˈam tsaʁˈiχ lehaʃkˈia hamˈon ʔenˈeʁɡija, baχnˈu zuɡˈot ʃˈel koχvˈej njutʁˈon ʃehekˈifu zˈe ʔˈet zˈe.
770|tsmadˈim binˈaʁijim baʔaɡˈa hamiktsoʔˈit vemadedˈu ʔˈet tadiʁˈut hahakafˈa ʃelahˈem.
771|ʃetadiʁˈut hahakafˈa ʃˈel hatsmadˈim habinˈaʁim
772|ʃeχˈelek mehaʔenˈeʁɡija hakinˈetit ʃelahˈem, ʔenˈeʁɡjat hatnuʔˈa ʃˈel koχvˈej hanjutʁˈon,
773|leʔˈan halχˈa ʔotˈa ʔenˈeʁɡija kinˈetit ʔˈal pˈi χiʃuvehˈem ʃˈel ʃnˈej hafizikˈaʔim?
774|kamˈut haʔenˈeʁɡija ʃeneʔelmˈa mehamaʔaʁˈeχet habinˈaʁit lekamˈut haʔenˈeʁɡi hanidʁˈeʃet.
775|kdˈej lehakˈem ʔˈet hameʁχˈav ʃesvˈiv koχvˈej hanjutʁˈon.
776|lˈo hajtˈa hoχaχˈa jeʃiʁˈa lekijumˈam ʃˈel ɡalˈej kvidˈa.
777|ʔavˈal hˈi ʁamzˈa beveʁˈuʁ ʔˈal haʔefʃaʁˈut, zaχˈu bepʁˈas nobˈel ʔˈal taɡlitˈam.
778|hˈem ʔoʁeʁˈu meχadˈaʃ ʔˈet ʁetsonˈam ʃˈel hafizikˈaʔim lehoχˈiaχ ʔˈet kijumˈam ʃˈel ɡalˈej hakvidˈa.
779|ʃebaʃlˈav hazˈe hajˈu mibˈen hanibujˈim habodedˈim ʃˈel toʁˈat hajaχasˈut.
780|ʃeʔadˈajin lˈo nivdekˈu velˈo ʔumtˈu meʔˈeveʁ leχˈol safˈek.
781|heχˈelu mispˈaʁ kvutsˈot meχkˈaʁ letaχnˈen velivnˈot ɡlaʔˈim χadaʃˈim leɡalˈej kvidˈa.
782|hajˈa mevusˈas ʔˈal ʔikaʁˈon ʔaχˈeʁ mizˈe ʃeʔalˈav hajˈa mevusˈas.
783|ʔˈinteʁ feʁomˈetʁija menatsˈelet ʔˈet haʔuvdˈa ʃekʃeʃnˈej ɡalˈim nifɡaʃˈim,
784|zˈe ɡˈam mekˈoʁ haʃˈem ʔˈinteʁ feʁomˈetʁija mehamilˈa tˈu jinterfˈir, lehafʁˈia.
785|damjenˈu leʔatsmχˈem ʃnˈej ɡalˈim ʃenifɡaʃˈim belˈev jˈam.
786|ʔˈim hapisɡˈa ʃˈel haɡˈal haʁiʃˈon poɡˈeʃet ʔˈet hapisɡˈa ʃˈel haɡˈal haʃenˈi,
787|hatotsaʔˈa tihjˈe ɡˈal jaχˈid ɡavˈoa jotˈeʁ miʃnˈej haɡalˈim hamekoʁijˈim.
788|hapsaɡˈot ʃˈel haɡalˈim mitvasfˈot zˈo ʔˈal zˈo bemˈa ʃemeχunˈe.
789|ʃnˈej haɡalˈim mevatlˈim zˈe ʔˈet zˈe veneʔelamˈim, ɡˈam kʃemedubˈaʁ beɡalˈim misˈuɡ ʔaχˈeʁ, ɡalˈim ʔelˈektʁo maɡnˈetim ʔˈo ɡalˈej ʔˈoʁ.
790|kaʁnˈej ʔˈoʁ ʃebahˈem leχˈol hafotˈonim jˈeʃ ʔˈet ʔotˈo hatˈedeʁ.
791|kˈaχ ʃehaɡalˈim ʃelahˈem jotsʁˈim hithapχˈut χajʃˈan ʃejutsˈav benekudˈat hamifɡˈaʃ ʃˈel halˈejzeʁim.
792|ʔˈim mˈaʃehu jafʁˈia leʔeχˈad halˈejzeʁim vejiɡʁˈom leʃinˈuj kˈolʃehu beʔofjˈo ʃˈel haɡˈal haʔelˈektʁo meɡnˈeti,
793|haʃinˈuj hazˈe javˈi leχˈaχ ʃehapisɡˈa ʃˈel haɡˈal haʔeχˈad.
794|bidjˈuk ʔˈet haʔˈemek ʃˈel haɡˈal haʃenˈi. haɡalˈim lˈo jevatlˈu ʔeχˈad ʔˈet haʃenˈi betsuʁˈa muʃlˈemet kemikˈodem.
795|venekudˈat haʔˈoʁ ʃetofˈia lefˈeta ʔˈal haχajʃˈan hˈu bidjˈuk sˈuɡ kazˈe ʃˈel hafʁaʔˈa.
796|hˈu motˈeaχ ʔˈet hameʁχˈav ʃedaʁkˈo ʔovˈeʁ ʔˈet hakˈeʁen.
797|uvidjˈuk kefˈi ʃemetiχˈa ʃˈel mejtˈaʁ ʃˈel ɡitˈaʁa meʃanˈa ʔˈet tˈedeʁ hatslilˈim ʃemefˈik hamejtˈaʁ,
798|meʃanˈa ʔˈet hatˈedeʁ ʃˈel haɡalˈim haʔelˈektʁo meɡnˈetim.
799|ʔavˈal ʔˈim metaχnenˈim ʔˈet haʔintˈeʁ feʁomˈeteʁ kemˈo ʃetsaʁˈiχ,
800|ʔefʃˈaʁ lehaɡˈia lematsˈav ʃebˈo ʔafˈilu ʃinˈuj zaʔˈiʁ bejotˈeʁ batˈedeʁ ʃˈel ʔeχˈad halˈejzeʁim.
801|jiʃbˈoʁ ʔˈet hahithapχˈut hahoʁˈeset hamuʃlˈemet ʔeχˈad meʔotˈam ɡalaʔˈim χadaʃˈim ʃebnijatˈam huχˈal beʃnˈot haʃmonˈim.
802|hajˈa totsˈaʁ ʃˈel ʃitˈuf peʔulˈa ʃˈel lˈo paχˈot veʔasʁˈot meχonˈej meχkˈaʁ veʔoniveʁsitaʔˈot.
803|vahakamatˈo ʔaltˈa meʔˈot miljonˈej dolˈaʁim. hˈu kalˈal ʃnˈej ɡlaʔˈim ʃeʔutsvˈu bemeʁχˈak ʃˈel ʔalfˈej kilomˈetʁim zˈe mizˈe.
804|ʔeχˈad bemdinˈat wˈoʃinɡton bapinˈa hatsfˈon maʔaʁavˈit ʃˈel ʔaʁtsˈot habʁˈit.
805|vehaʃenˈi bimdinˈat luʔizijˈana hajˈa ʔasˈuj miʃnˈej kaʁnˈej lˈejzeʁ.
806|ʃehutsvˈu bemeʔunˈaχ zˈo lazˈo, vekˈol ʔaχˈat mehˈen hajtˈa beʔˈoʁeχ ʃˈel lˈo paχˈot mˈi ʔaʁbaʔˈa kilomˈetʁim.
807|hˈu hasibˈa haʔikaʁˈit leχˈaχ ʃelˈajɡo hajˈa ɡalˈaj ʁaɡˈiʃ beʔˈoʁaχ jotsˈe dˈofen.
808|ɡalˈaj ɡalˈej hakvidˈa haʁaɡˈiʃ bejotˈeʁ baʔolˈam.
809|lˈajɡo niχnˈas lefʔulˈa biʃnˈat ʔalpˈajim veʃtˈajim, ʔavˈal ʔaχʁˈej ʃmˈone ʃanˈim ʃˈel tatspijˈot umedidˈot,
810|heχlˈitu haχokʁˈim leʃapˈeʁ ʔˈet haɡalaʔˈim ʃelˈa. miʃnˈat ʔalpˈajim veʔˈeseʁ veʔˈad ʔalpˈajim veχamˈeʃ ʔesʁˈe.
811|ʃekalˈal χajʃanˈim meʃupaʁˈim, lˈejzeʁim tovˈim jotˈeʁ veʃikˈuχ mutslˈaχ jotˈeʁ ʃˈel ʁeʔaʃˈim χitsonijˈim.
812|histajmˈu sˈof sˈof ʔavodˈot haʃidʁˈuɡ vehamehandesˈim heχˈelu levatsˈea sidʁˈa ʃˈel bdikˈot.
813|vehaʔamidˈut ʃelahˈem bifnˈej ʁeʔaʃˈim ʃonˈim umʃunˈim.
814|baʔaʁbaʔˈa ʔasˈaʁ beseptˈembeʁ ʔalpˈajim veχamˈeʃ ʔesʁˈe hitkaʁvˈu habdikˈot haʔˈele lesijumˈa.
815|simulˈatsja ʃˈel masaʔˈit ʃebolˈemet befitʔomijˈut.
816|lˈajɡo hajˈa kˈol kˈaχ ʁaɡˈiʃ ʔˈad ʃemasaʔˈit dˈoʔaʁ ʃeχalfˈa lejˈad ʔeχˈad haɡalaʔˈim midˈej bˈokeʁ,
817|vehamehandesˈim heχlˈitu lehafsˈik ʔˈet habdikˈot. benatajˈim hˈem hiʃʔˈiʁu ʔˈet haɡalaʔˈim ʃˈel lˈajɡo poʔalˈim.
818|hitkonˈen mˈaʁko dʁˈaɡo latsˈet laʔaʁuχˈat tsahaʁˈajim.
819|hajˈa χavˈeʁ bekvutsˈat hameχkˈaʁ ʃˈel lˈajɡo, vetafkidˈo hajˈa lekabˈel ʔˈet totsʔˈot hamedidˈa ʃˈel haɡalaʔˈim velenatˈeaχ ʔotˈan.
820|ʔˈeseʁ dakˈot lifnˈej haʃaʔˈa ʃtˈem ʔesʁˈe batsahaʁˈajim hofˈia ʔˈimejl χadˈaʃ betevˈat hadˈoʔaʁ ʃˈel mˈaʁko.
821|ʃeniklˈat biʃnˈej haɡalaʔˈim ʃebeʔaʁtsˈot habʁˈit. ʃehaɡalaʔˈim ʔadˈajin nimtsaʔˈim bebdikˈot, veʃekaniʁʔˈe medubˈaʁ bedivˈuaχ stamˈi vaχasˈaʁ χaʃivˈut.
822|heχˈil ʃnˈej ɡʁafˈim tsivʔonijˈim ʃekˈol ʔeχˈad mehˈem hetsˈiɡ ʔˈot sˈinusi.
823|ʃeniklˈat baχajʃanˈim bemˈeʃeχ ktsˈat paχˈot meχatsˈi ʃnijˈa.
824|hatˈedeʁ ʃˈel haʔˈot halˈaχ venaʔasˈa ɡavˈoa jotˈeʁ vehaʔotsmˈa ʃelˈo halχˈa vehitχazkˈa ʔˈad ʃeheɡˈiʔa lesˈi.
825|haɡʁˈafim haʔˈele hajˈu meʔanjenˈim, ʔavˈal zˈe lˈo mˈa ʃemaʃˈaχ ʔˈet tsˈumet libˈo ʃˈel mˈaʁko.
826|hajtˈa haʔuvdˈa ʃeʃnˈej haɡʁˈafim ʃˈel hahafʁaʔˈa ʃekaltˈu ʃnˈej haɡalaʔˈim,
827|hajtˈa zehˈa kimʔˈat laχalutˈin, jotˈeʁ mˈi ʔeˈlef vetʃˈa meʔˈot kilomˈetʁim.
828|ʃelelˈajɡo hajˈu ʃnˈej ɡalaʔˈim veʃehˈem hutsvˈu bemeʁχˈak.
829|hˈu hafʁaʔˈa stamˈit kemˈo masaʔˈit dˈoʔaʁ ʃeʔovˈeʁet bakvˈiʃ hasamˈuχ.
830|hahafʁaʔˈa hazˈot tikalˈet ʁˈak beɡalˈaj ʔeχˈad velˈo baɡalˈaj haʃenˈi.
831|ʃemˈa ʃehˈem ʁoʔˈim zˈe stˈam ʁˈaʔaʃ, kemˈo ɡˈal kvidˈa ʃemaɡˈia mehaχalˈal veχolˈef dˈeʁeχ kadˈuʁ haʔˈaʁets.
832|jikalˈet biʃnˈej haɡalaʔˈim betsuʁˈa zehˈa laχalutˈin.
833|mˈaʁko hajˈa χokˈeʁ meʃufʃˈaf mibˈen ʔˈelef haχokʁˈim ʃehiʃtatfˈu banisˈuj lˈajɡo.
834|hajˈu ʃloʃˈa ʔˈo ʔaʁbaʔˈa bχiʁˈim bimjuχˈad ʃehajˈu musmaχˈim levatsˈea ʔˈet mˈa ʃenikʁˈa
835|hˈi jetsiʁˈa ʃˈel hafʁaʔˈa meχuvˈenet baɡalˈaj, ʃehatafkˈid ʃelˈo zˈe livdˈok ʔˈet haʔeʁanˈut ʃˈel mˈaʁko veʔamitav.
836|ʃemesuɡalˈim lehavχˈin bˈen hafʁaʔˈa stamˈit kemˈo masaʔˈit bakvˈiʃ,
837|ʔˈal hazʁakˈa ʃekazˈo lihjˈot ʔijvˈeʁet. hamazʁikˈim lˈo mesapʁˈim leʔˈaf ʔeχˈad.
838|kvˈaʁ nafˈal koʁbˈan lehazʁakˈa ʔivˈeʁet ʃekazˈo.
839|χamˈeʃ ʃanˈim kˈodem laχˈen hˈu veʔamitˈav zihˈu ʔˈot meʔanjˈen baɡalˈaj.
840|nitχˈu ʔotˈo veʔafˈilu katvˈu ʔalˈav maʔamˈaʁ veʁˈak ʔaχʁˈej kamˈa χodaʃˈim ʃˈel ʔavodˈa.
841|haʔotˈot ʃenitkablˈu baɡalaʔˈim ʃˈel lˈajɡo hajˈu kˈol kˈaχ jafˈim, kˈol kˈaχ.
842|ʔˈad ʃelˈo hajˈa lˈo safˈek ʃemedubˈaʁ behazʁakˈa meχuvˈenet. hˈu heʁˈim ʔˈet hatˈelefon veχijˈeg ʔˈel ʔeχˈad meʔotˈam ʔaʁbaʔˈa ʔanaʃˈim.
843|ʃehajˈu musmaχˈim levatsˈea hazʁakˈa ʔijvˈeʁet. ʃeɡˈam ʔˈim ʔotˈo ʔadˈam hajˈa zˈe ʃebitsˈa ʔˈet hahazʁakˈa beʔatsmˈo,
844|ʔˈal pˈi hanehalˈim ʔasˈuʁ lˈo lesapˈeʁ ʔˈal kˈaχ lemˈarko beʃˈum panˈim vaʔˈofen.
845|nˈu beχajˈeχa, ʔatˈa jodˈea lemˈa ʔanˈi mitkavˈen. hˈu ʃalˈaχ mˈejl leχˈol haχaveʁˈim bikvutsˈat hameχkˈaʁ ʃˈel lˈajɡo.
846|veʃaʔˈal ʔotˈam ʔˈim mˈiʃu mudˈa leʔˈejze ʃehˈi takalˈa ʔˈo ʔejʁuˈa.
847|ʃeʔasˈuj liɡʁˈom lesiɡnˈal χaʁˈiɡ lehikalˈet baɡalaʔˈim.
848|lˈajko ʔafˈilu lˈo hitχˈil laʔavˈod beʔˈofen ʁiʃmˈi. mˈaʁko kaʁˈa leʔˈod kˈama χokʁˈim.
849|vejˈaχad hˈem hetχˈilu livdˈok ʔˈet hasiɡnˈalim ʃehitkablˈu, haχokʁˈim ʃˈel lˈajɡo heʔeʁˈiχu bamakˈoʁ.
850|ʃeɡˈam ʔˈim jatslˈiχu haɡalaʔˈim ʃelahˈem liklˈot ɡalˈej kvidˈa,
851|hamedidˈa tihjˈe kˈol kˈaχ ʁoʔˈeʃet umetuʃtˈeʃet.
852|ʃejidʁʃˈu χodaʃˈim ʃˈel nitˈuaχ statˈisti maʔamˈik.
853|kdˈej lezahˈot ʔˈet haʔotˈot haʔamitˈim mibaʔˈad laʁˈaʔaʃ.
854|ʔavˈal hasiɡnˈalim ʃeʁaʔˈu mˈaʁko veʔamitˈav hajˈu kˈol kˈaχ nekijˈim vejafˈim.
855|ʔˈad ʃelˈo hajˈa tsˈoʁeχ beʃˈum nitˈuaχ statˈisti kedˈej lehavχˈin bahˈem.
856|ʔefʃˈaʁ hajˈa lehamˈiʁ ʔotˈam jeʃiʁˈot laʔˈodjo veliʃmˈoa ʔotˈam dˈeʁeχ haʁˈamkolim.
857|mispˈaʁ ʃaʔˈot leʔaχˈaʁ mikˈen kiblˈu mˈaʁko veʔamitˈav ʔidkˈun mehamenahalˈim ʃelahˈem.
858|ʔadˈajin lˈo sijˈem ʔˈet habdikˈot hahandasijˈot ʃelˈo, velaχˈen kˈol hahazʁakˈot hajˈu ʔamuʁˈot lehatχˈil.
859|ʁˈak beʔˈod ʃavuˈa leχˈol hapaχˈot. bemˈeʃeχ χodaʃˈim ʔaʁukˈim nitχˈu haχokʁˈim ʃˈel lˈajɡo ʔˈet haʔotˈot,
860|kedˈej ʃelˈo leʔoʁˈeʁ tsipijˈot muɡzamˈot, haχokʁˈim nisˈu liʃmˈoʁ ʔˈal hataklˈit ʃelahˈem besˈod.
861|ʔavˈal bepʁojˈekt ʃemeʔoʁavˈim bˈo jotˈeʁ miʔˈelef ʔˈiʃ.
862|ʔˈi ʔefʃˈaʁ liʃmˈoʁ ʔˈal sodijˈut muχlˈetet kamuvˈan, vaχaʁˈoʃet ʃmuʔˈot heχˈela mitpaʃˈetet bekˈeʁev hakehilˈa hamadaʔˈit.
863|mˈaʃehu meʔˈod meʔˈod meʔanjˈen, kinsˈu ʁaʃˈej pʁojˈekt lˈajɡo mesibˈat ʔitonaʔˈim.
864|meʔˈa ʃanˈa leʔaχˈaʁ ʃeʔˈajinʃtejn χazˈa ʔˈet dvˈaʁ kijumˈam.
865|veʔaχʁˈej kimʔˈat ʃiʃˈim ʃanˈa ʃˈel nisjonˈot ʔakaʁˈim.
866|bafˈaʔam haʁiʃonˈa nitspˈu ɡalˈej kvidˈa, notsʁˈu ketotsaʔˈa mehitnaɡʃˈut ʃˈel ʃnˈej χoʁˈim ʃχoʁˈim ʔanakijˈim.
867|ʔotˈa hitnagʃˈut ʃeteʔˈaʁti betχilˈat hapˈeʁek, miljˈaʁd uʃlˈoʃ meʔˈot miljˈon ʃanˈim leʔaχˈaʁ hahitnakʃˈut hazˈo.
868|dˈeʁeχ kadˈuʁ haʔˈaʁets vedˈeʁeχ haɡalaʔˈim ʃˈel lˈajɡo. ʁeʃˈit dˈeʁeχ haɡalˈaj ʃebeluʔizijˈana.
869|veʃˈeva, ʔalpijˈot haʃnijˈa meʔuχˈaʁ jotˈeʁ, hatɡuvˈot bekˈeʁev hakehilˈa hamadaʔˈit lahaχʁazˈa ʔˈal haɡilˈuj.
870|zˈehu hesˈeɡ beknˈe midˈa ʃˈel haneχitˈa ʔˈal hajaʁeˈaχ, ʔamˈaʁ ʔeχˈad hafizikˈaʔim lakatˈav ʃˈel habˈi bˈi sˈi.
871|laʁˈeɡa ʃebˈo tsafˈa ɡalilˈeʔo laʁiʃonˈa bekoχvˈej halˈeχet dˈeʁeχ teleskˈop.
872|meʔaʃˈeʃ ʔˈet ʔaχˈat hataχazijˈot habsisijˈot ʃˈel toʁˈat hajaχasˈut haklalˈit. hesˈeɡ χaʃˈuv ʃeʔˈejn lezalzˈel bˈo.
873|zˈe lˈo ʃetoʁˈat hajaχasˈut ʔamdˈa bifnˈej ʔijˈum kijumˈi maʃmaʔutˈi kˈodem laχˈen.
874|kimʔˈat kˈol hanibujˈim ʃˈel ʔˈajinʃtejn huχeχˈu keneχonˈim.
875|hˈi ɡˈam lˈo biɡlˈal hahatslaχˈa hateχnolˈoɡit ʃemeʔaχoʁˈej haɡilˈuj.
876|lamʁˈot ʃebeχˈol knˈe midˈa medubˈaʁ beʔaχˈad haheseɡˈim hateχnolˈoɡim.
877|haɡdolˈim bejotˈeʁ ʃˈel haʔenoʃˈut, bepaχˈot miʔalpˈit mikotʁˈo ʃˈel pʁutˈon bodˈed.
878|ʃakˈuj lezihˈuj tzuzˈa ʃˈel koχˈav bemeʁχˈak ʃˈel ʔˈaʁba ʃnˈot ʔˈoʁ mekadˈuʁ haʔˈaʁets.
879|hahitʁaɡʃˈut haɡdolˈa mehataɡlˈit ʃˈel lˈajɡo lˈo novˈaʔat kˈol kˈaχ mehaɡilˈuj ʔatsmˈo.
880|ʔˈela hˈi novˈaʔat mehapotentsiʔˈal haʔatsˈum ʃejˈeʃ leɡalˈej kvidˈa.
881|ʔˈad hajˈom klˈi hameχkˈaʁ haʔikaʁˈi ʃelˈanu kedˈej litspˈot bajekˈum ʃesvivˈenu
882|hajˈa haʔˈoʁ ʔˈal tsuʁotˈav haʃonˈot, ʔˈoʁ ʔˈinfʁa ʔadˈom, ɡalˈej ʁˈadjo, kʁinˈat ɡˈama veχadomˈe.
883|ɡalˈim ʔelˈektʁo mɡnˈetim ʔasujˈim lehibalˈa ʔˈal jedˈej ʔananˈej ɡˈaz, ʔavˈak veʔˈod suɡˈej χˈomeʁ ʃehˈem poɡʃˈim bedaʁkˈam.
884|umikˈan ʃejˈeʃ ʔezoʁˈim bajekˈum ʃeʔanˈaχnu paʃˈut lˈo mesuɡalˈim litspˈot bahˈem.
885|mikevˈan ʃeleɡalˈej kvidˈa ʔˈejn ʔinteʁˈaktsja ʔˈim χˈomeʁ.
886|ʔˈelu ɡalˈim ʃeʔovʁˈim bameʁχˈav zmˈan ʔatsmˈo.
887|vehˈem χolfˈim dˈeʁeχ χˈomeʁ mutsˈak bidjˈuk beʔotˈa hakalˈut ʃehˈem χolfˈim dˈeʁeχ χalˈal ʁˈek.
888|ʃelˈajɡo ʔifʃˈeʁ lanˈu leʃaχzˈeʁ ʔˈet hahitnaɡʃˈut bˈen ʃnˈej haχoʁˈim haʃχoʁˈim.
889|ʃejatsʁˈa ʔˈet ɡalˈej hakvidˈa haʔˈele veleχalˈets mitoχˈa mejdˈa ʔaʃˈiʁ keduɡˈmat.
890|hamasˈot ʃˈel hakoχavˈim haʃχoʁˈim, mehiʁutˈam veχadomˈe.
891|lamʁˈot ʃemedubˈaʁ beʔejʁuˈa ʃehitʁaχˈeʃ bemeʁχˈak ʃˈel miljˈaʁd uʃlˈoʃ meʔˈot miljˈon ʃnˈot ʔˈoʁ meʔitˈanu.
892|ʃeʔˈad kˈo hajˈu χasumˈim befanˈenu. beʃlˈoʃ meʔˈot ʔˈelef haʃanˈim haʁiʃonˈot ʃeleʔaχˈaʁ mapˈats haɡadˈol,
893|hajekˈum hajˈa ʔatˈum leʔˈoʁ, velaχˈen ɡˈam tˈeleskop haχalˈal hatˈov vehaʁaɡˈiʃ bejotˈeʁ
894|ʔˈel haʔidˈan hakadˈum hazˈe betoldˈot hajekˈum lˈo huʃpeʔˈu mehaʔatimˈut hazˈo.
895|vehˈem ʔasujˈim leʔafʃˈeʁ lanˈu lehavˈin tˈov jotˈeʁ ʔˈet hahitʁaχaʃujˈot.
896|zmˈan katsˈaʁ leʔaχˈaʁ hamapˈats haɡadˈol. meʔˈaz ʔotˈa taɡlˈit ʁiʃonˈit bˈe ʔalpˈajim veχamˈeʃ ʔesʁˈe,
897|maʔaʁˈeχet ɡalaʔˈim nosˈefet ʃeniχnesˈa lefʔulˈa bˈe ʔalpˈajim veʃvˈa ʔesʁˈe.
898|ʔˈod kamˈa ʔasʁˈot ʔejʁuʔˈej mizˈuɡ ʃˈel χoʁˈim ʃχoʁˈim.
899|vehitnaɡʃujˈot ʃˈel koχvˈej njutʁˈon beʔemtsaʔˈut ɡalˈej hakvidˈa ʃenifeltˈu mehˈem.
900|jeʃnˈan kvˈaʁ toχnijˈot lehakˈim maʔaʁaχˈot ɡilˈuj ʃekaʔˈele, ʃehaʁˈej ʔˈim halˈejzeeʁim ʃˈel haʔintˈeʁ feromˈeteʁim beχadˈuʁ haʔˈaʁets muɡbalˈim miʃikulˈim pʁˈaktijim leʔˈoʁeχ ʃˈel kamˈa kilomˈetʁim bilvˈad,
901|beχalˈal hˈem jeχolˈim lanˈua lelˈo hafʁaʔˈa leʔoʁˈeχ miljonˈej kilomˈetʁim.
902|vehaʁeɡiʃˈut ʃˈel haɡalaʔˈim haʔˈele tihjˈe ɡvˈoha pˈi ʔalfˈej monˈim.
903|hajeχˈolet ʃelˈanu leɡalˈot velimdˈod ɡalˈej kvidˈa, leɡalˈot χoʁˈim potentsiʔˈalim betoʁˈat hajaχasˈut haklalˈit.
904|ʃebizχutˈa hitvadˈaʔnu leʔˈetsem kijumˈam ʃˈel ɡalˈej hakvidˈa.
905|ʃetoʁˈat hajaχasˈut haklalˈit lˈo muʃlˈemet, hˈi lˈo toʔˈemet bˈe mˈeʔa axˈuz
906|ʃehˈi ʔˈod teʔˈoʁja fizikˈalit sˈupeʁ χaʃuvˈa. ʃeʔˈet hasdakˈim haʔˈele betoʁˈat hajaχasˈut.
907|beʔemtsaʔˈut havanˈa tovˈa jotˈeʁ ʃˈel hitnaɡʃujˈot vehitmazɡujˈot ʃˈel ɡufˈim.
908|ʔˈultʁa kvedˈim kemˈo χoʁˈim ʃχoʁˈim vekoχvˈej njutʁˈon.
909|ʃemefikˈim kamujˈot ʔadiʁˈot hˈem hamaftˈeaχ lejetsiʁatˈa ʃˈel teʔˈoʁja fizikˈalit χadaʃˈa.
910|ʃetχalˈif ʔˈo titvasˈef letoʁˈat hajaχasˈut vetoʁˈat hakvˈantim.
911|ʃehamˈejl ʃekibˈel mˈaʁko dʁˈaɡo ʔˈeseʁ dakˈot lifnˈej ʃehˈu jatsˈa laʔaʁuχˈat hatsahaʁˈajim
912|ʔasˈuj lihjˈot ʔeχˈad mehaʔejʁuʔˈim hameχonenˈim.
913|todˈa ʁabˈa lepʁofˈesoʁ ʔejlˈam ɡʁˈos mehamaχlakˈa lefˈizikat χelkikˈim veʔˈastʁo fˈizika bemaχˈon vˈajtsman.
914|tˈeχef ʔasapˈeʁ laχˈem ʔˈal sˈefeʁ χadˈaʃ ʃelˈi ʃejatsˈa laʔˈoʁ haχˈodeʃ.
915|vebetˈoʁ mˈi ʃekotˈev baʁezumˈe ʃelˈo ʃehˈu sofˈeʁ.
916|ʔavˈal lahaɡanatˈi, beʃtˈem ʔesʁˈe haʃanˈim haʔˈele hajˈiti ʔasˈuk belehitpatˈeʁ mehaʔavodˈa, lehakˈim χevʁˈat pˈodkastim.
917|veʔˈaz lehakˈim ʁˈeʃet ʃˈel ʔesʁˈim vemˈaʃu pˈodkastim ɡˈam bejisʁaʔˈel veɡˈam beʔaʁtsˈot habʁˈit.
918|zˈe ʃebazmˈan hazˈe hapˈodkastim bejisʁaʔˈel hafχˈu mimˈedja ʃulˈit veʔijoztˈeʁit meʔˈod.
919|lemˈedja mesaɡsˈeɡet ufoʁˈaχat ʔˈim ʔalfˈej pˈodkastim jisʁaʔelˈim behamˈon hamˈon tχumˈim ʃonˈim.
920|heχlˈateti ʃehiɡˈia hazmˈan lakˈaχat ʔˈet kˈol hanisajˈon heʔaʃˈiʁ ʃejˈeʃ lˈi bejetsiʁˈat pˈodkastim.
921|ɡˈam betˈoʁ jotsˈeʁ ʔatsmaʔˈi, ɡˈam betˈoʁ ʔoʁˈeχ ʁaʃˈi ʃˈel ʁˈeʃet pˈodkastim.
922|tovanˈot veʁaʔajonˈot ʃeʔanˈi maʔamˈin ʃejesajʔˈu leχˈol mˈi ʃeʁotsˈe laʔasˈot pˈodkast.
923|hˈu ʃelamʁˈot ʃelitsˈoʁ pˈodkast zˈe mamˈaʃ kˈal,
924|lehatslˈiaχ bepˈodkastim zˈot ʔomˈeʁet ʃeʔˈaʃkaʁa jaʔazˈinu latoχnˈit ʃelχˈa.
925|jˈeʃ taχaʁˈut ʔadiʁˈa ʔˈal ʔoznehˈem ʃˈel hamaʔazinˈim, vesavˈiʁ lehanˈiaχ ʃekimʔˈat beχˈol tχˈum ʃemˈiʃu ʁotsˈe lehakˈim bˈo pˈodkast χadˈaʃ,
926|ʔanˈi ʔovˈeʁ ʔˈal kˈol tahalˈiχ hahafakˈa ʃˈel hatoχnˈit, mihahaχlatˈa haʁiʃonˈit, ʔˈal hanosˈe, haʃˈem vehafoʁmˈat.
927|dˈeʁeχ ʔˈejχ ʔosˈim kaʁjanˈut neχonˈa veʔˈejχ kotvˈim tˈoχen meʔanjˈen.
928|veχalˈa beʔˈejχ laʔasˈot ʃijvˈuk naχˈon pʁˈat laʔetsˈot velatovanˈot ʃelˈi.
929|bikˈaʃti mikˈol hapˈodkasteʁim haɡdolˈim bejisʁaʔˈel, doʁˈon fˈiʃleʁ, juvˈal mˈalχi, juvˈal dʁˈoʁ, ʔelʔˈad simχˈa.
930|lehosˈif ʔˈet haʔetsˈot vehatovanˈot ʔˈim ʔatˈem ʔˈo mˈiʃu ʃeʔatˈem mekiʁˈim.
931|ʔˈo ʁotsˈe lehatχˈil pˈodkast χadˈaʃ ʔˈejχ lehatslˈiaχ beʔolˈam hahesketˈim.
932|betˈoʁ sˈefeʁ diɡitˈali befoʁmˈat matʔˈim leχˈol koʁʔˈej hasfaʁˈim haʔelektʁˈonim.
933|ʃelˈo ʔefʃˈaʁ lehaʔazˈin beχˈol ʔaplikˈatsjot hapˈodkastim, ɡˈam baʔajfˈon veɡˈam bʔˈandʁoʔid.
934|pʁatˈim nosafˈim vekiʃˈuʁ leʁeχiʃˈat hasˈefeʁ timtseʔˈu beʔatˈaʁ habˈajit haʔiʃˈi ʃelˈi.
935|ʁˈan lˈevi nekudˈa sˈi ʔˈo nekudˈa ʔˈaj ʔˈel 
936|ʔˈaz mˈa χadˈaʃ beʁˈeʃet ʔosˈim histˈoʁja, ʃebiɡlalˈan ʔanˈaχnu ʔoχlˈim jotˈeʁ ʔˈo paχˈot mikfˈi ʃehaɡˈuf ʃelˈanu tsaʁˈiχ.
937|ʃtˈej naʃˈim jatsʔˈu minˈu jˈoʁk beʃnˈat ʔˈelef ʃmonˈa meʔˈot ʃmonˈim vatˈeʃa.
938|ʔaχˈat besfinˈa veʔaχˈat baʁakˈevet, matʁatˈa ʃˈel haʔaχˈat hajtˈa lehakˈif ʔˈet haʔolˈam.
939|velenatsˈeaχ ʔˈet fˈilijas pˈoɡ misifʁˈo hamefuʁsˈam ʃˈel ʒˈul vˈeʁn.
940|hajtˈa lehakˈif ʔˈet haʔolˈam bakivˈun hahafˈuχ ʔˈal meʁˈots misavˈiv laʔolˈam.
941|jˈotam ʃtˈajinman besidʁˈa meʔalˈefet ʔˈal bʁiʔˈat haʔolˈam.
942|ʃloʃˈa pʁakˈim bekiχuvˈam ʃˈel dˈoktoʁ bˈoʔaz stˈavi veχokˈeʁ hamikʁˈa ʃˈaχaʁ ʔinbˈaʁ.
943|ʔˈal hebetˈim ʃonˈim ʃˈel sipuʁˈej habʁiʔˈa ʃebatanˈaχ.
944|kaʁˈa laχˈem ʃehetˈastem matˈos kʃehajˈitem ʃikoʁˈim ʔˈim kamˈa misipuʁˈej hatʁˈipim hamuzaʁˈim bejotˈeʁ bahistˈoʁja.
945|kˈol hapˈodkastim ʃelˈanu zminˈim beʔatˈaʁ habˈajit ʃelˈanu, beʔaplikˈatsjat ʔosˈim histˈoʁja beʔˈandʁoʔid.
946|uveχˈol ʔaplikˈatsjot hapˈodkastim baʔaʃˈeʁ hˈen. ʔˈim ʔatˈem ʔohavˈim ʔˈet ʁˈeʃet hapˈodkastim ʃelˈanu veʁotsˈim litmˈoχ bˈa,
947|dabʁˈu ʔˈim ʔanʃˈej maʃʔabˈej haʔenˈoʃ baχevʁˈa ʃelaχˈem vesapʁˈu lahˈem ʔˈal hakahˈal hameʔulˈe ʃelˈanu.
948|ʃeχˈelek ɡadˈol mimˈenu maɡˈia meʔolˈam hahˈajtek vehaʔakadˈemja.
949|veʔˈim haʔiʁɡˈun ʃelaχˈem tsaʁˈiχ pˈodkast, ʔanˈaχnu jodʔˈim ʔˈejχ laʔasˈot pˈodkastim meʔulˈim.
950|ʁˈan ʔeˈt ʁˈan lˈevi nekudˈa kˈom ʔosˈim histˈoʁja hˈem ʃˈeli nˈoj menahˈelet hahafakˈa.
951|hilˈa ʃˈemeʃ veʃˈeli ɡuʔˈeta, mefikˈot veʔoʁχˈot, ʔavˈiv ʃˈem tˈov menahˈelet sipˈuʁ miʃpaχtˈi.