Variable,Description,Concept
GEO_ID,Geography,SELECTED SOCIAL CHARACTERISTICS IN THE UNITED STATES;SELECTED SOCIAL CHARACTERISTICS IN PUERTO RICO;SELECTED ECONOMIC CHARACTERISTICS;SELECTED HOUSING CHARACTERISTICS;ACS DEMOGRAPHIC AND HOUSING ESTIMATES
DP02_0001E,Estimate!!HOUSEHOLDS BY TYPE!!Total households,SELECTED SOCIAL CHARACTERISTICS IN THE UNITED STATES
DP02_0002E,Estimate!!HOUSEHOLDS BY TYPE!!Total households!!Family households (families),SELECTED SOCIAL CHARACTERISTICS IN THE UNITED STATES
DP02_0003E,Estimate!!HOUSEHOLDS BY TYPE!!Total households!!Family households (families)!!With own children under 18 years,SELECTED SOCIAL CHARACTERISTICS IN THE UNITED STATES
DP02_0004E,Estimate!!HOUSEHOLDS BY TYPE!!Total households!!Family households (families)!!Married-couple family,SELECTED SOCIAL CHARACTERISTICS IN THE UNITED STATES
DP02_0005E,Estimate!!HOUSEHOLDS BY TYPE!!Total households!!Family households (families)!!Married-couple family!!With own children under 18 years,SELECTED SOCIAL CHARACTERISTICS IN THE UNITED STATES
DP02_0006E,"Estimate!!HOUSEHOLDS BY TYPE!!Total households!!Family households (families)!!Male householder, no wife present, family",SELECTED SOCIAL CHARACTERISTICS IN THE UNITED STATES
DP02_0007E,"Estimate!!HOUSEHOLDS BY TYPE!!Total households!!Family households (families)!!Male householder, no wife present, family!!With own children under 18 years",SELECTED SOCIAL CHARACTERISTICS IN THE UNITED STATES
DP02_0008E,"Estimate!!HOUSEHOLDS BY TYPE!!Total households!!Family households (families)!!Female householder, no husband present, family",SELECTED SOCIAL CHARACTERISTICS IN THE UNITED STATES
DP02_0009E,"Estimate!!HOUSEHOLDS BY TYPE!!Total households!!Family households (families)!!Female householder, no husband present, family!!With own children under 18 years",SELECTED SOCIAL CHARACTERISTICS IN THE UNITED STATES
DP02_0010E,Estimate!!HOUSEHOLDS BY TYPE!!Total households!!Nonfamily households,SELECTED SOCIAL CHARACTERISTICS IN THE UNITED STATES
DP02_0011E,Estimate!!HOUSEHOLDS BY TYPE!!Total households!!Nonfamily households!!Householder living alone,SELECTED SOCIAL CHARACTERISTICS IN THE UNITED STATES
DP02_0012E,Estimate!!HOUSEHOLDS BY TYPE!!Total households!!Nonfamily households!!Householder living alone!!65 years and over,SELECTED SOCIAL CHARACTERISTICS IN THE UNITED STATES
DP02_0013E,Estimate!!HOUSEHOLDS BY TYPE!!Households with one or more people under 18 years,SELECTED SOCIAL CHARACTERISTICS IN THE UNITED STATES
DP02_0014E,Estimate!!HOUSEHOLDS BY TYPE!!Households with one or more people 65 years and over,SELECTED SOCIAL CHARACTERISTICS IN THE UNITED STATES
DP02_0015E,Estimate!!HOUSEHOLDS BY TYPE!!Average household size,SELECTED SOCIAL CHARACTERISTICS IN THE UNITED STATES
DP02_0016E,Estimate!!HOUSEHOLDS BY TYPE!!Average family size,SELECTED SOCIAL CHARACTERISTICS IN THE UNITED STATES
DP02_0017E,Estimate!!RELATIONSHIP!!Population in households,SELECTED SOCIAL CHARACTERISTICS IN THE UNITED STATES
DP02_0018E,Estimate!!RELATIONSHIP!!Population in households!!Householder,SELECTED SOCIAL CHARACTERISTICS IN THE UNITED STATES
DP02_0019E,Estimate!!RELATIONSHIP!!Population in households!!Spouse,SELECTED SOCIAL CHARACTERISTICS IN THE UNITED STATES
DP02_0020E,Estimate!!RELATIONSHIP!!Population in households!!Child,SELECTED SOCIAL CHARACTERISTICS IN THE UNITED STATES
DP02_0021E,Estimate!!RELATIONSHIP!!Population in households!!Other relatives,SELECTED SOCIAL CHARACTERISTICS IN THE UNITED STATES
DP02_0022E,Estimate!!RELATIONSHIP!!Population in households!!Nonrelatives,SELECTED SOCIAL CHARACTERISTICS IN THE UNITED STATES
DP02_0023E,Estimate!!RELATIONSHIP!!Population in households!!Nonrelatives!!Unmarried partner,SELECTED SOCIAL CHARACTERISTICS IN THE UNITED STATES
DP02_0024E,Estimate!!MARITAL STATUS!!Males 15 years and over,SELECTED SOCIAL CHARACTERISTICS IN THE UNITED STATES
DP02_0025E,Estimate!!MARITAL STATUS!!Males 15 years and over!!Never married,SELECTED SOCIAL CHARACTERISTICS IN THE UNITED STATES
DP02_0026E,"Estimate!!MARITAL STATUS!!Males 15 years and over!!Now married, except separated",SELECTED SOCIAL CHARACTERISTICS IN THE UNITED STATES
DP02_0027E,Estimate!!MARITAL STATUS!!Males 15 years and over!!Separated,SELECTED SOCIAL CHARACTERISTICS IN THE UNITED STATES
DP02_0028E,Estimate!!MARITAL STATUS!!Males 15 years and over!!Widowed,SELECTED SOCIAL CHARACTERISTICS IN THE UNITED STATES
DP02_0029E,Estimate!!MARITAL STATUS!!Males 15 years and over!!Divorced,SELECTED SOCIAL CHARACTERISTICS IN THE UNITED STATES
DP02_0030E,Estimate!!MARITAL STATUS!!Females 15 years and over,SELECTED SOCIAL CHARACTERISTICS IN THE UNITED STATES
DP02_0031E,Estimate!!MARITAL STATUS!!Females 15 years and over!!Never married,SELECTED SOCIAL CHARACTERISTICS IN THE UNITED STATES
DP02_0032E,"Estimate!!MARITAL STATUS!!Females 15 years and over!!Now married, except separated",SELECTED SOCIAL CHARACTERISTICS IN THE UNITED STATES
DP02_0033E,Estimate!!MARITAL STATUS!!Females 15 years and over!!Separated,SELECTED SOCIAL CHARACTERISTICS IN THE UNITED STATES
DP02_0034E,Estimate!!MARITAL STATUS!!Females 15 years and over!!Widowed,SELECTED SOCIAL CHARACTERISTICS IN THE UNITED STATES
DP02_0035E,Estimate!!MARITAL STATUS!!Females 15 years and over!!Divorced,SELECTED SOCIAL CHARACTERISTICS IN THE UNITED STATES
DP02_0036E,Estimate!!FERTILITY!!Number of women 15 to 50 years old who had a birth in the past 12 months,SELECTED SOCIAL CHARACTERISTICS IN THE UNITED STATES
DP02_0037E,"Estimate!!FERTILITY!!Number of women 15 to 50 years old who had a birth in the past 12 months!!Unmarried women (widowed, divorced, and never married)",SELECTED SOCIAL CHARACTERISTICS IN THE UNITED STATES
DP02_0038E,"Estimate!!FERTILITY!!Number of women 15 to 50 years old who had a birth in the past 12 months!!Unmarried women (widowed, divorced, and never married)!!Per 1,000 unmarried women",SELECTED SOCIAL CHARACTERISTICS IN THE UNITED STATES
DP02_0039E,"Estimate!!FERTILITY!!Number of women 15 to 50 years old who had a birth in the past 12 months!!Per 1,000 women 15 to 50 years old",SELECTED SOCIAL CHARACTERISTICS IN THE UNITED STATES
DP02_0040E,"Estimate!!FERTILITY!!Number of women 15 to 50 years old who had a birth in the past 12 months!!Per 1,000 women 15 to 19 years old",SELECTED SOCIAL CHARACTERISTICS IN THE UNITED STATES
DP02_0041E,"Estimate!!FERTILITY!!Number of women 15 to 50 years old who had a birth in the past 12 months!!Per 1,000 women 20 to 34 years old",SELECTED SOCIAL CHARACTERISTICS IN THE UNITED STATES
DP02_0042E,"Estimate!!FERTILITY!!Number of women 15 to 50 years old who had a birth in the past 12 months!!Per 1,000 women 35 to 50 years old",SELECTED SOCIAL CHARACTERISTICS IN THE UNITED STATES
DP02_0043E,Estimate!!GRANDPARENTS!!Number of grandparents living with own grandchildren under 18 years,SELECTED SOCIAL CHARACTERISTICS IN THE UNITED STATES
DP02_0044E,Estimate!!GRANDPARENTS!!Number of grandparents living with own grandchildren under 18 years!!Responsible for grandchildren,SELECTED SOCIAL CHARACTERISTICS IN THE UNITED STATES
DP02_0045E,Estimate!!GRANDPARENTS!!Number of grandparents living with own grandchildren under 18 years!!Years responsible for grandchildren!!Less than 1 year,SELECTED SOCIAL CHARACTERISTICS IN THE UNITED STATES
DP02_0046E,Estimate!!GRANDPARENTS!!Number of grandparents living with own grandchildren under 18 years!!Years responsible for grandchildren!!1 or 2 years,SELECTED SOCIAL CHARACTERISTICS IN THE UNITED STATES
DP02_0047E,Estimate!!GRANDPARENTS!!Number of grandparents living with own grandchildren under 18 years!!Years responsible for grandchildren!!3 or 4 years,SELECTED SOCIAL CHARACTERISTICS IN THE UNITED STATES
DP02_0048E,Estimate!!GRANDPARENTS!!Number of grandparents living with own grandchildren under 18 years!!Years responsible for grandchildren!!5 or more years,SELECTED SOCIAL CHARACTERISTICS IN THE UNITED STATES
DP02_0049E,Estimate!!GRANDPARENTS!!Number of grandparents responsible for own grandchildren under 18 years,SELECTED SOCIAL CHARACTERISTICS IN THE UNITED STATES
DP02_0050E,Estimate!!GRANDPARENTS!!Number of grandparents responsible for own grandchildren under 18 years!!Who are female,SELECTED SOCIAL CHARACTERISTICS IN THE UNITED STATES
DP02_0051E,Estimate!!GRANDPARENTS!!Number of grandparents responsible for own grandchildren under 18 years!!Who are married,SELECTED SOCIAL CHARACTERISTICS IN THE UNITED STATES
DP02_0052E,Estimate!!SCHOOL ENROLLMENT!!Population 3 years and over enrolled in school,SELECTED SOCIAL CHARACTERISTICS IN THE UNITED STATES
DP02_0053E,"Estimate!!SCHOOL ENROLLMENT!!Population 3 years and over enrolled in school!!Nursery school, preschool",SELECTED SOCIAL CHARACTERISTICS IN THE UNITED STATES
DP02_0054E,Estimate!!SCHOOL ENROLLMENT!!Population 3 years and over enrolled in school!!Kindergarten,SELECTED SOCIAL CHARACTERISTICS IN THE UNITED STATES
DP02_0055E,Estimate!!SCHOOL ENROLLMENT!!Population 3 years and over enrolled in school!!Elementary school (grades 1-8),SELECTED SOCIAL CHARACTERISTICS IN THE UNITED STATES
DP02_0056E,Estimate!!SCHOOL ENROLLMENT!!Population 3 years and over enrolled in school!!High school (grades 9-12),SELECTED SOCIAL CHARACTERISTICS IN THE UNITED STATES
DP02_0057E,Estimate!!SCHOOL ENROLLMENT!!Population 3 years and over enrolled in school!!College or graduate school,SELECTED SOCIAL CHARACTERISTICS IN THE UNITED STATES
DP02_0058E,Estimate!!EDUCATIONAL ATTAINMENT!!Population 25 years and over,SELECTED SOCIAL CHARACTERISTICS IN THE UNITED STATES
DP02_0059E,Estimate!!EDUCATIONAL ATTAINMENT!!Population 25 years and over!!Less than 9th grade,SELECTED SOCIAL CHARACTERISTICS IN THE UNITED STATES
DP02_0060E,"Estimate!!EDUCATIONAL ATTAINMENT!!Population 25 years and over!!9th to 12th grade, no diploma",SELECTED SOCIAL CHARACTERISTICS IN THE UNITED STATES
DP02_0061E,Estimate!!EDUCATIONAL ATTAINMENT!!Population 25 years and over!!High school graduate (includes equivalency),SELECTED SOCIAL CHARACTERISTICS IN THE UNITED STATES
DP02_0062E,"Estimate!!EDUCATIONAL ATTAINMENT!!Population 25 years and over!!Some college, no degree",SELECTED SOCIAL CHARACTERISTICS IN THE UNITED STATES
DP02_0063E,Estimate!!EDUCATIONAL ATTAINMENT!!Population 25 years and over!!Associate's degree,SELECTED SOCIAL CHARACTERISTICS IN THE UNITED STATES
DP02_0064E,Estimate!!EDUCATIONAL ATTAINMENT!!Population 25 years and over!!Bachelor's degree,SELECTED SOCIAL CHARACTERISTICS IN THE UNITED STATES
DP02_0065E,Estimate!!EDUCATIONAL ATTAINMENT!!Population 25 years and over!!Graduate or professional degree,SELECTED SOCIAL CHARACTERISTICS IN THE UNITED STATES
DP02_0066E,Estimate!!EDUCATIONAL ATTAINMENT!!Percent high school graduate or higher,SELECTED SOCIAL CHARACTERISTICS IN THE UNITED STATES
DP02_0067E,Estimate!!EDUCATIONAL ATTAINMENT!!Percent bachelor's degree or higher,SELECTED SOCIAL CHARACTERISTICS IN THE UNITED STATES
DP02_0068E,Estimate!!VETERAN STATUS!!Civilian population 18 years and over,SELECTED SOCIAL CHARACTERISTICS IN THE UNITED STATES
DP02_0069E,Estimate!!VETERAN STATUS!!Civilian population 18 years and over!!Civilian veterans,SELECTED SOCIAL CHARACTERISTICS IN THE UNITED STATES
DP02_0070E,Estimate!!DISABILITY STATUS OF THE CIVILIAN NONINSTITUTIONALIZED POPULATION!!Total Civilian Noninstitutionalized Population,SELECTED SOCIAL CHARACTERISTICS IN THE UNITED STATES
DP02_0071E,Estimate!!DISABILITY STATUS OF THE CIVILIAN NONINSTITUTIONALIZED POPULATION!!Total Civilian Noninstitutionalized Population!!With a disability,SELECTED SOCIAL CHARACTERISTICS IN THE UNITED STATES
DP02_0072E,Estimate!!DISABILITY STATUS OF THE CIVILIAN NONINSTITUTIONALIZED POPULATION!!Under 18 years,SELECTED SOCIAL CHARACTERISTICS IN THE UNITED STATES
DP02_0073E,Estimate!!DISABILITY STATUS OF THE CIVILIAN NONINSTITUTIONALIZED POPULATION!!Under 18 years!!With a disability,SELECTED SOCIAL CHARACTERISTICS IN THE UNITED STATES
DP02_0074E,Estimate!!DISABILITY STATUS OF THE CIVILIAN NONINSTITUTIONALIZED POPULATION!!18 to 64 years,SELECTED SOCIAL CHARACTERISTICS IN THE UNITED STATES
DP02_0075E,Estimate!!DISABILITY STATUS OF THE CIVILIAN NONINSTITUTIONALIZED POPULATION!!18 to 64 years!!With a disability,SELECTED SOCIAL CHARACTERISTICS IN THE UNITED STATES
DP02_0076E,Estimate!!DISABILITY STATUS OF THE CIVILIAN NONINSTITUTIONALIZED POPULATION!!65 years and over,SELECTED SOCIAL CHARACTERISTICS IN THE UNITED STATES
DP02_0077E,Estimate!!DISABILITY STATUS OF THE CIVILIAN NONINSTITUTIONALIZED POPULATION!!65 years and over!!With a disability,SELECTED SOCIAL CHARACTERISTICS IN THE UNITED STATES
DP02_0078E,Estimate!!RESIDENCE 1 YEAR AGO!!Population 1 year and over,SELECTED SOCIAL CHARACTERISTICS IN THE UNITED STATES
DP02_0079E,Estimate!!RESIDENCE 1 YEAR AGO!!Population 1 year and over!!Same house,SELECTED SOCIAL CHARACTERISTICS IN THE UNITED STATES
DP02_0080E,Estimate!!RESIDENCE 1 YEAR AGO!!Population 1 year and over!!Different house in the U.S.,SELECTED SOCIAL CHARACTERISTICS IN THE UNITED STATES
DP02_0081E,Estimate!!RESIDENCE 1 YEAR AGO!!Population 1 year and over!!Different house in the U.S.!!Same county,SELECTED SOCIAL CHARACTERISTICS IN THE UNITED STATES
DP02_0082E,Estimate!!RESIDENCE 1 YEAR AGO!!Population 1 year and over!!Different house in the U.S.!!Different county,SELECTED SOCIAL CHARACTERISTICS IN THE UNITED STATES
DP02_0083E,Estimate!!RESIDENCE 1 YEAR AGO!!Population 1 year and over!!Different house in the U.S.!!Different county!!Same state,SELECTED SOCIAL CHARACTERISTICS IN THE UNITED STATES
DP02_0084E,Estimate!!RESIDENCE 1 YEAR AGO!!Population 1 year and over!!Different house in the U.S.!!Different county!!Different state,SELECTED SOCIAL CHARACTERISTICS IN THE UNITED STATES
DP02_0085E,Estimate!!RESIDENCE 1 YEAR AGO!!Population 1 year and over!!Abroad,SELECTED SOCIAL CHARACTERISTICS IN THE UNITED STATES
DP02_0086E,Estimate!!PLACE OF BIRTH!!Total population,SELECTED SOCIAL CHARACTERISTICS IN THE UNITED STATES
DP02_0087E,Estimate!!PLACE OF BIRTH!!Total population!!Native,SELECTED SOCIAL CHARACTERISTICS IN THE UNITED STATES
DP02_0088E,Estimate!!PLACE OF BIRTH!!Total population!!Native!!Born in United States,SELECTED SOCIAL CHARACTERISTICS IN THE UNITED STATES
DP02_0089E,Estimate!!PLACE OF BIRTH!!Total population!!Native!!Born in United States!!State of residence,SELECTED SOCIAL CHARACTERISTICS IN THE UNITED STATES
DP02_0090E,Estimate!!PLACE OF BIRTH!!Total population!!Native!!Born in United States!!Different state,SELECTED SOCIAL CHARACTERISTICS IN THE UNITED STATES
DP02_0091E,"Estimate!!PLACE OF BIRTH!!Total population!!Native!!Born in Puerto Rico, U.S. Island areas, or born abroad to American parent(s)",SELECTED SOCIAL CHARACTERISTICS IN THE UNITED STATES
DP02_0092E,Estimate!!PLACE OF BIRTH!!Total population!!Foreign born,SELECTED SOCIAL CHARACTERISTICS IN THE UNITED STATES
DP02_0093E,Estimate!!U.S. CITIZENSHIP STATUS!!Foreign-born population,SELECTED SOCIAL CHARACTERISTICS IN THE UNITED STATES
DP02_0094E,Estimate!!U.S. CITIZENSHIP STATUS!!Foreign-born population!!Naturalized U.S. citizen,SELECTED SOCIAL CHARACTERISTICS IN THE UNITED STATES
DP02_0095E,Estimate!!U.S. CITIZENSHIP STATUS!!Foreign-born population!!Not a U.S. citizen,SELECTED SOCIAL CHARACTERISTICS IN THE UNITED STATES
DP02_0096E,Estimate!!YEAR OF ENTRY!!Population born outside the United States,SELECTED SOCIAL CHARACTERISTICS IN THE UNITED STATES
DP02_0097E,Estimate!!YEAR OF ENTRY!!Native,SELECTED SOCIAL CHARACTERISTICS IN THE UNITED STATES
DP02_0098E,Estimate!!YEAR OF ENTRY!!Native!!Entered 2010 or later,SELECTED SOCIAL CHARACTERISTICS IN THE UNITED STATES
DP02_0099E,Estimate!!YEAR OF ENTRY!!Native!!Entered before 2010,SELECTED SOCIAL CHARACTERISTICS IN THE UNITED STATES
DP02_0100E,Estimate!!YEAR OF ENTRY!!Foreign born,SELECTED SOCIAL CHARACTERISTICS IN THE UNITED STATES
DP02_0101E,Estimate!!YEAR OF ENTRY!!Foreign born!!Entered 2010 or later,SELECTED SOCIAL CHARACTERISTICS IN THE UNITED STATES
DP02_0102E,Estimate!!YEAR OF ENTRY!!Foreign born!!Entered before 2010,SELECTED SOCIAL CHARACTERISTICS IN THE UNITED STATES
DP02_0103E,"Estimate!!WORLD REGION OF BIRTH OF FOREIGN BORN!!Foreign-born population, excluding population born at sea",SELECTED SOCIAL CHARACTERISTICS IN THE UNITED STATES
DP02_0104E,"Estimate!!WORLD REGION OF BIRTH OF FOREIGN BORN!!Foreign-born population, excluding population born at sea!!Europe",SELECTED SOCIAL CHARACTERISTICS IN THE UNITED STATES
DP02_0105E,"Estimate!!WORLD REGION OF BIRTH OF FOREIGN BORN!!Foreign-born population, excluding population born at sea!!Asia",SELECTED SOCIAL CHARACTERISTICS IN THE UNITED STATES
DP02_0106E,"Estimate!!WORLD REGION OF BIRTH OF FOREIGN BORN!!Foreign-born population, excluding population born at sea!!Africa",SELECTED SOCIAL CHARACTERISTICS IN THE UNITED STATES
DP02_0107E,"Estimate!!WORLD REGION OF BIRTH OF FOREIGN BORN!!Foreign-born population, excluding population born at sea!!Oceania",SELECTED SOCIAL CHARACTERISTICS IN THE UNITED STATES
DP02_0108E,"Estimate!!WORLD REGION OF BIRTH OF FOREIGN BORN!!Foreign-born population, excluding population born at sea!!Latin America",SELECTED SOCIAL CHARACTERISTICS IN THE UNITED STATES
DP02_0109E,"Estimate!!WORLD REGION OF BIRTH OF FOREIGN BORN!!Foreign-born population, excluding population born at sea!!Northern America",SELECTED SOCIAL CHARACTERISTICS IN THE UNITED STATES
DP02_0110E,Estimate!!LANGUAGE SPOKEN AT HOME!!Population 5 years and over,SELECTED SOCIAL CHARACTERISTICS IN THE UNITED STATES
DP02_0111E,Estimate!!LANGUAGE SPOKEN AT HOME!!Population 5 years and over!!English only,SELECTED SOCIAL CHARACTERISTICS IN THE UNITED STATES
DP02_0112E,Estimate!!LANGUAGE SPOKEN AT HOME!!Population 5 years and over!!Language other than English,SELECTED SOCIAL CHARACTERISTICS IN THE UNITED STATES
DP02_0113E,"Estimate!!LANGUAGE SPOKEN AT HOME!!Population 5 years and over!!Language other than English!!Speak English less than ""very well""",SELECTED SOCIAL CHARACTERISTICS IN THE UNITED STATES
DP02_0114E,Estimate!!LANGUAGE SPOKEN AT HOME!!Population 5 years and over!!Spanish,SELECTED SOCIAL CHARACTERISTICS IN THE UNITED STATES
DP02_0115E,"Estimate!!LANGUAGE SPOKEN AT HOME!!Population 5 years and over!!Spanish!!Speak English less than ""very well""",SELECTED SOCIAL CHARACTERISTICS IN THE UNITED STATES
DP02_0116E,Estimate!!LANGUAGE SPOKEN AT HOME!!Population 5 years and over!!Other Indo-European languages,SELECTED SOCIAL CHARACTERISTICS IN THE UNITED STATES
DP02_0117E,"Estimate!!LANGUAGE SPOKEN AT HOME!!Population 5 years and over!!Other Indo-European languages!!Speak English less than ""very well""",SELECTED SOCIAL CHARACTERISTICS IN THE UNITED STATES
DP02_0118E,Estimate!!LANGUAGE SPOKEN AT HOME!!Population 5 years and over!!Asian and Pacific Islander languages,SELECTED SOCIAL CHARACTERISTICS IN THE UNITED STATES
DP02_0119E,"Estimate!!LANGUAGE SPOKEN AT HOME!!Population 5 years and over!!Asian and Pacific Islander languages!!Speak English less than ""very well""",SELECTED SOCIAL CHARACTERISTICS IN THE UNITED STATES
DP02_0120E,Estimate!!LANGUAGE SPOKEN AT HOME!!Population 5 years and over!!Other languages,SELECTED SOCIAL CHARACTERISTICS IN THE UNITED STATES
DP02_0121E,"Estimate!!LANGUAGE SPOKEN AT HOME!!Population 5 years and over!!Other languages!!Speak English less than ""very well""",SELECTED SOCIAL CHARACTERISTICS IN THE UNITED STATES
DP02_0122E,Estimate!!ANCESTRY!!Total population,SELECTED SOCIAL CHARACTERISTICS IN THE UNITED STATES
DP02_0123E,Estimate!!ANCESTRY!!Total population!!American,SELECTED SOCIAL CHARACTERISTICS IN THE UNITED STATES
DP02_0124E,Estimate!!ANCESTRY!!Total population!!Arab,SELECTED SOCIAL CHARACTERISTICS IN THE UNITED STATES
DP02_0125E,Estimate!!ANCESTRY!!Total population!!Czech,SELECTED SOCIAL CHARACTERISTICS IN THE UNITED STATES
DP02_0126E,Estimate!!ANCESTRY!!Total population!!Danish,SELECTED SOCIAL CHARACTERISTICS IN THE UNITED STATES
DP02_0127E,Estimate!!ANCESTRY!!Total population!!Dutch,SELECTED SOCIAL CHARACTERISTICS IN THE UNITED STATES
DP02_0128E,Estimate!!ANCESTRY!!Total population!!English,SELECTED SOCIAL CHARACTERISTICS IN THE UNITED STATES
DP02_0129E,Estimate!!ANCESTRY!!Total population!!French (except Basque),SELECTED SOCIAL CHARACTERISTICS IN THE UNITED STATES
DP02_0130E,Estimate!!ANCESTRY!!Total population!!French Canadian,SELECTED SOCIAL CHARACTERISTICS IN THE UNITED STATES
DP02_0131E,Estimate!!ANCESTRY!!Total population!!German,SELECTED SOCIAL CHARACTERISTICS IN THE UNITED STATES
DP02_0132E,Estimate!!ANCESTRY!!Total population!!Greek,SELECTED SOCIAL CHARACTERISTICS IN THE UNITED STATES
DP02_0133E,Estimate!!ANCESTRY!!Total population!!Hungarian,SELECTED SOCIAL CHARACTERISTICS IN THE UNITED STATES
DP02_0134E,Estimate!!ANCESTRY!!Total population!!Irish,SELECTED SOCIAL CHARACTERISTICS IN THE UNITED STATES
DP02_0135E,Estimate!!ANCESTRY!!Total population!!Italian,SELECTED SOCIAL CHARACTERISTICS IN THE UNITED STATES
DP02_0136E,Estimate!!ANCESTRY!!Total population!!Lithuanian,SELECTED SOCIAL CHARACTERISTICS IN THE UNITED STATES
DP02_0137E,Estimate!!ANCESTRY!!Total population!!Norwegian,SELECTED SOCIAL CHARACTERISTICS IN THE UNITED STATES
DP02_0138E,Estimate!!ANCESTRY!!Total population!!Polish,SELECTED SOCIAL CHARACTERISTICS IN THE UNITED STATES
DP02_0139E,Estimate!!ANCESTRY!!Total population!!Portuguese,SELECTED SOCIAL CHARACTERISTICS IN THE UNITED STATES
DP02_0140E,Estimate!!ANCESTRY!!Total population!!Russian,SELECTED SOCIAL CHARACTERISTICS IN THE UNITED STATES
DP02_0141E,Estimate!!ANCESTRY!!Total population!!Scotch-Irish,SELECTED SOCIAL CHARACTERISTICS IN THE UNITED STATES
DP02_0142E,Estimate!!ANCESTRY!!Total population!!Scottish,SELECTED SOCIAL CHARACTERISTICS IN THE UNITED STATES
DP02_0143E,Estimate!!ANCESTRY!!Total population!!Slovak,SELECTED SOCIAL CHARACTERISTICS IN THE UNITED STATES
DP02_0144E,Estimate!!ANCESTRY!!Total population!!Subsaharan African,SELECTED SOCIAL CHARACTERISTICS IN THE UNITED STATES
DP02_0145E,Estimate!!ANCESTRY!!Total population!!Swedish,SELECTED SOCIAL CHARACTERISTICS IN THE UNITED STATES
DP02_0146E,Estimate!!ANCESTRY!!Total population!!Swiss,SELECTED SOCIAL CHARACTERISTICS IN THE UNITED STATES
DP02_0147E,Estimate!!ANCESTRY!!Total population!!Ukrainian,SELECTED SOCIAL CHARACTERISTICS IN THE UNITED STATES
DP02_0148E,Estimate!!ANCESTRY!!Total population!!Welsh,SELECTED SOCIAL CHARACTERISTICS IN THE UNITED STATES
DP02_0149E,Estimate!!ANCESTRY!!Total population!!West Indian (excluding Hispanic origin groups),SELECTED SOCIAL CHARACTERISTICS IN THE UNITED STATES
DP02_0150E,Estimate!!COMPUTERS AND INTERNET USE!!Total Households,SELECTED SOCIAL CHARACTERISTICS IN THE UNITED STATES
DP02_0151E,Estimate!!COMPUTERS AND INTERNET USE!!Total Households!!With a computer,SELECTED SOCIAL CHARACTERISTICS IN THE UNITED STATES
DP02_0152E,Estimate!!COMPUTERS AND INTERNET USE!!Total Households!!With a broadband Internet subscription,SELECTED SOCIAL CHARACTERISTICS IN THE UNITED STATES
DP05_0001E,Estimate!!SEX AND AGE!!Total population,ACS DEMOGRAPHIC AND HOUSING ESTIMATES
DP05_0002E,Estimate!!SEX AND AGE!!Total population!!Male,ACS DEMOGRAPHIC AND HOUSING ESTIMATES
DP05_0003E,Estimate!!SEX AND AGE!!Total population!!Female,ACS DEMOGRAPHIC AND HOUSING ESTIMATES
DP05_0004E,Estimate!!SEX AND AGE!!Under 5 years,ACS DEMOGRAPHIC AND HOUSING ESTIMATES
DP05_0005E,Estimate!!SEX AND AGE!!5 to 9 years,ACS DEMOGRAPHIC AND HOUSING ESTIMATES
DP05_0006E,Estimate!!SEX AND AGE!!10 to 14 years,ACS DEMOGRAPHIC AND HOUSING ESTIMATES
DP05_0007E,Estimate!!SEX AND AGE!!15 to 19 years,ACS DEMOGRAPHIC AND HOUSING ESTIMATES
DP05_0008E,Estimate!!SEX AND AGE!!20 to 24 years,ACS DEMOGRAPHIC AND HOUSING ESTIMATES
DP05_0009E,Estimate!!SEX AND AGE!!25 to 34 years,ACS DEMOGRAPHIC AND HOUSING ESTIMATES
DP05_0010E,Estimate!!SEX AND AGE!!35 to 44 years,ACS DEMOGRAPHIC AND HOUSING ESTIMATES
DP05_0011E,Estimate!!SEX AND AGE!!45 to 54 years,ACS DEMOGRAPHIC AND HOUSING ESTIMATES
DP05_0012E,Estimate!!SEX AND AGE!!55 to 59 years,ACS DEMOGRAPHIC AND HOUSING ESTIMATES
DP05_0013E,Estimate!!SEX AND AGE!!60 to 64 years,ACS DEMOGRAPHIC AND HOUSING ESTIMATES
DP05_0014E,Estimate!!SEX AND AGE!!65 to 74 years,ACS DEMOGRAPHIC AND HOUSING ESTIMATES
DP05_0015E,Estimate!!SEX AND AGE!!75 to 84 years,ACS DEMOGRAPHIC AND HOUSING ESTIMATES
DP05_0016E,Estimate!!SEX AND AGE!!85 years and over,ACS DEMOGRAPHIC AND HOUSING ESTIMATES
DP05_0017E,Estimate!!SEX AND AGE!!Median age (years),ACS DEMOGRAPHIC AND HOUSING ESTIMATES
DP05_0018E,Estimate!!SEX AND AGE!!18 years and over,ACS DEMOGRAPHIC AND HOUSING ESTIMATES
DP05_0019E,Estimate!!SEX AND AGE!!21 years and over,ACS DEMOGRAPHIC AND HOUSING ESTIMATES
DP05_0020E,Estimate!!SEX AND AGE!!62 years and over,ACS DEMOGRAPHIC AND HOUSING ESTIMATES
DP05_0021E,Estimate!!SEX AND AGE!!65 years and over,ACS DEMOGRAPHIC AND HOUSING ESTIMATES
DP05_0022E,Estimate!!SEX AND AGE!!18 years and over,ACS DEMOGRAPHIC AND HOUSING ESTIMATES
DP05_0023E,Estimate!!SEX AND AGE!!18 years and over!!Male,ACS DEMOGRAPHIC AND HOUSING ESTIMATES
DP05_0024E,Estimate!!SEX AND AGE!!18 years and over!!Female,ACS DEMOGRAPHIC AND HOUSING ESTIMATES
DP05_0025E,Estimate!!SEX AND AGE!!65 years and over,ACS DEMOGRAPHIC AND HOUSING ESTIMATES
DP05_0026E,Estimate!!SEX AND AGE!!65 years and over!!Male,ACS DEMOGRAPHIC AND HOUSING ESTIMATES
DP05_0027E,Estimate!!SEX AND AGE!!65 years and over!!Female,ACS DEMOGRAPHIC AND HOUSING ESTIMATES
DP05_0028E,Estimate!!RACE!!Total population,ACS DEMOGRAPHIC AND HOUSING ESTIMATES
DP05_0029E,Estimate!!RACE!!Total population!!One race,ACS DEMOGRAPHIC AND HOUSING ESTIMATES
DP05_0030E,Estimate!!RACE!!Total population!!Two or more races,ACS DEMOGRAPHIC AND HOUSING ESTIMATES
DP05_0031E,Estimate!!RACE!!One race,ACS DEMOGRAPHIC AND HOUSING ESTIMATES
DP05_0032E,Estimate!!RACE!!One race!!White,ACS DEMOGRAPHIC AND HOUSING ESTIMATES
DP05_0033E,Estimate!!RACE!!One race!!Black or African American,ACS DEMOGRAPHIC AND HOUSING ESTIMATES
DP05_0034E,Estimate!!RACE!!One race!!American Indian and Alaska Native,ACS DEMOGRAPHIC AND HOUSING ESTIMATES
DP05_0035E,Estimate!!RACE!!One race!!American Indian and Alaska Native!!Cherokee tribal grouping,ACS DEMOGRAPHIC AND HOUSING ESTIMATES
DP05_0036E,Estimate!!RACE!!One race!!American Indian and Alaska Native!!Chippewa tribal grouping,ACS DEMOGRAPHIC AND HOUSING ESTIMATES
DP05_0037E,Estimate!!RACE!!One race!!American Indian and Alaska Native!!Navajo tribal grouping,ACS DEMOGRAPHIC AND HOUSING ESTIMATES
DP05_0038E,Estimate!!RACE!!One race!!American Indian and Alaska Native!!Sioux tribal grouping,ACS DEMOGRAPHIC AND HOUSING ESTIMATES
DP05_0039E,Estimate!!RACE!!One race!!Asian,ACS DEMOGRAPHIC AND HOUSING ESTIMATES
DP05_0040E,Estimate!!RACE!!One race!!Asian!!Asian Indian,ACS DEMOGRAPHIC AND HOUSING ESTIMATES
DP05_0041E,Estimate!!RACE!!One race!!Asian!!Chinese,ACS DEMOGRAPHIC AND HOUSING ESTIMATES
DP05_0042E,Estimate!!RACE!!One race!!Asian!!Filipino,ACS DEMOGRAPHIC AND HOUSING ESTIMATES
DP05_0043E,Estimate!!RACE!!One race!!Asian!!Japanese,ACS DEMOGRAPHIC AND HOUSING ESTIMATES
DP05_0044E,Estimate!!RACE!!One race!!Asian!!Korean,ACS DEMOGRAPHIC AND HOUSING ESTIMATES
DP05_0045E,Estimate!!RACE!!One race!!Asian!!Vietnamese,ACS DEMOGRAPHIC AND HOUSING ESTIMATES
DP05_0046E,Estimate!!RACE!!One race!!Asian!!Other Asian,ACS DEMOGRAPHIC AND HOUSING ESTIMATES
DP05_0047E,Estimate!!RACE!!One race!!Native Hawaiian and Other Pacific Islander,ACS DEMOGRAPHIC AND HOUSING ESTIMATES
DP05_0048E,Estimate!!RACE!!One race!!Native Hawaiian and Other Pacific Islander!!Native Hawaiian,ACS DEMOGRAPHIC AND HOUSING ESTIMATES
DP05_0049E,Estimate!!RACE!!One race!!Native Hawaiian and Other Pacific Islander!!Guamanian or Chamorro,ACS DEMOGRAPHIC AND HOUSING ESTIMATES
DP05_0050E,Estimate!!RACE!!One race!!Native Hawaiian and Other Pacific Islander!!Samoan,ACS DEMOGRAPHIC AND HOUSING ESTIMATES
DP05_0051E,Estimate!!RACE!!One race!!Native Hawaiian and Other Pacific Islander!!Other Pacific Islander,ACS DEMOGRAPHIC AND HOUSING ESTIMATES
DP05_0052E,Estimate!!RACE!!One race!!Some other race,ACS DEMOGRAPHIC AND HOUSING ESTIMATES
DP05_0053E,Estimate!!RACE!!Two or more races,ACS DEMOGRAPHIC AND HOUSING ESTIMATES
DP05_0054E,Estimate!!RACE!!Two or more races!!White and Black or African American,ACS DEMOGRAPHIC AND HOUSING ESTIMATES
DP05_0055E,Estimate!!RACE!!Two or more races!!White and American Indian and Alaska Native,ACS DEMOGRAPHIC AND HOUSING ESTIMATES
DP05_0056E,Estimate!!RACE!!Two or more races!!White and Asian,ACS DEMOGRAPHIC AND HOUSING ESTIMATES
DP05_0057E,Estimate!!RACE!!Two or more races!!Black or African American and American Indian and Alaska Native,ACS DEMOGRAPHIC AND HOUSING ESTIMATES
DP05_0058E,Estimate!!RACE!!Race alone or in combination with one or more other races!!Total population,ACS DEMOGRAPHIC AND HOUSING ESTIMATES
DP05_0059E,Estimate!!RACE!!Race alone or in combination with one or more other races!!Total population!!White,ACS DEMOGRAPHIC AND HOUSING ESTIMATES
DP05_0060E,Estimate!!RACE!!Race alone or in combination with one or more other races!!Total population!!Black or African American,ACS DEMOGRAPHIC AND HOUSING ESTIMATES
DP05_0061E,Estimate!!RACE!!Race alone or in combination with one or more other races!!Total population!!American Indian and Alaska Native,ACS DEMOGRAPHIC AND HOUSING ESTIMATES
DP05_0062E,Estimate!!RACE!!Race alone or in combination with one or more other races!!Total population!!Asian,ACS DEMOGRAPHIC AND HOUSING ESTIMATES
DP05_0063E,Estimate!!RACE!!Race alone or in combination with one or more other races!!Total population!!Native Hawaiian and Other Pacific Islander,ACS DEMOGRAPHIC AND HOUSING ESTIMATES
DP05_0064E,Estimate!!RACE!!Race alone or in combination with one or more other races!!Total population!!Some other race,ACS DEMOGRAPHIC AND HOUSING ESTIMATES
DP05_0065E,Estimate!!HISPANIC OR LATINO AND RACE!!Total population,ACS DEMOGRAPHIC AND HOUSING ESTIMATES
DP05_0066E,Estimate!!HISPANIC OR LATINO AND RACE!!Total population!!Hispanic or Latino (of any race),ACS DEMOGRAPHIC AND HOUSING ESTIMATES
DP05_0067E,Estimate!!HISPANIC OR LATINO AND RACE!!Total population!!Hispanic or Latino (of any race)!!Mexican,ACS DEMOGRAPHIC AND HOUSING ESTIMATES
DP05_0068E,Estimate!!HISPANIC OR LATINO AND RACE!!Total population!!Hispanic or Latino (of any race)!!Puerto Rican,ACS DEMOGRAPHIC AND HOUSING ESTIMATES
DP05_0069E,Estimate!!HISPANIC OR LATINO AND RACE!!Total population!!Hispanic or Latino (of any race)!!Cuban,ACS DEMOGRAPHIC AND HOUSING ESTIMATES
DP05_0070E,Estimate!!HISPANIC OR LATINO AND RACE!!Total population!!Hispanic or Latino (of any race)!!Other Hispanic or Latino,ACS DEMOGRAPHIC AND HOUSING ESTIMATES
DP05_0071E,Estimate!!HISPANIC OR LATINO AND RACE!!Total population!!Not Hispanic or Latino,ACS DEMOGRAPHIC AND HOUSING ESTIMATES
DP05_0072E,Estimate!!HISPANIC OR LATINO AND RACE!!Total population!!Not Hispanic or Latino!!White alone,ACS DEMOGRAPHIC AND HOUSING ESTIMATES
DP05_0073E,Estimate!!HISPANIC OR LATINO AND RACE!!Total population!!Not Hispanic or Latino!!Black or African American alone,ACS DEMOGRAPHIC AND HOUSING ESTIMATES
DP05_0074E,Estimate!!HISPANIC OR LATINO AND RACE!!Total population!!Not Hispanic or Latino!!American Indian and Alaska Native alone,ACS DEMOGRAPHIC AND HOUSING ESTIMATES
DP05_0075E,Estimate!!HISPANIC OR LATINO AND RACE!!Total population!!Not Hispanic or Latino!!Asian alone,ACS DEMOGRAPHIC AND HOUSING ESTIMATES
DP05_0076E,Estimate!!HISPANIC OR LATINO AND RACE!!Total population!!Not Hispanic or Latino!!Native Hawaiian and Other Pacific Islander alone,ACS DEMOGRAPHIC AND HOUSING ESTIMATES
DP05_0077E,Estimate!!HISPANIC OR LATINO AND RACE!!Total population!!Not Hispanic or Latino!!Some other race alone,ACS DEMOGRAPHIC AND HOUSING ESTIMATES
DP05_0078E,Estimate!!HISPANIC OR LATINO AND RACE!!Total population!!Not Hispanic or Latino!!Two or more races,ACS DEMOGRAPHIC AND HOUSING ESTIMATES
DP05_0079E,Estimate!!HISPANIC OR LATINO AND RACE!!Total population!!Not Hispanic or Latino!!Two or more races!!Two races including Some other race,ACS DEMOGRAPHIC AND HOUSING ESTIMATES
DP05_0080E,"Estimate!!HISPANIC OR LATINO AND RACE!!Total population!!Not Hispanic or Latino!!Two or more races!!Two races excluding Some other race, and Three or more races",ACS DEMOGRAPHIC AND HOUSING ESTIMATES
DP05_0081E,Estimate!!Total housing units,ACS DEMOGRAPHIC AND HOUSING ESTIMATES
DP04_0001E,Estimate!!HOUSING OCCUPANCY!!Total housing units,SELECTED HOUSING CHARACTERISTICS
DP04_0002E,Estimate!!HOUSING OCCUPANCY!!Total housing units!!Occupied housing units,SELECTED HOUSING CHARACTERISTICS
DP04_0003E,Estimate!!HOUSING OCCUPANCY!!Total housing units!!Vacant housing units,SELECTED HOUSING CHARACTERISTICS
DP04_0004E,Estimate!!HOUSING OCCUPANCY!!Homeowner vacancy rate,SELECTED HOUSING CHARACTERISTICS
DP04_0005E,Estimate!!HOUSING OCCUPANCY!!Rental vacancy rate,SELECTED HOUSING CHARACTERISTICS
DP04_0006E,Estimate!!UNITS IN STRUCTURE!!Total housing units,SELECTED HOUSING CHARACTERISTICS
DP04_0007E,"Estimate!!UNITS IN STRUCTURE!!Total housing units!!1-unit, detached",SELECTED HOUSING CHARACTERISTICS
DP04_0008E,"Estimate!!UNITS IN STRUCTURE!!Total housing units!!1-unit, attached",SELECTED HOUSING CHARACTERISTICS
DP04_0009E,Estimate!!UNITS IN STRUCTURE!!Total housing units!!2 units,SELECTED HOUSING CHARACTERISTICS
DP04_0010E,Estimate!!UNITS IN STRUCTURE!!Total housing units!!3 or 4 units,SELECTED HOUSING CHARACTERISTICS
DP04_0011E,Estimate!!UNITS IN STRUCTURE!!Total housing units!!5 to 9 units,SELECTED HOUSING CHARACTERISTICS
DP04_0012E,Estimate!!UNITS IN STRUCTURE!!Total housing units!!10 to 19 units,SELECTED HOUSING CHARACTERISTICS
DP04_0013E,Estimate!!UNITS IN STRUCTURE!!Total housing units!!20 or more units,SELECTED HOUSING CHARACTERISTICS
DP04_0014E,Estimate!!UNITS IN STRUCTURE!!Total housing units!!Mobile home,SELECTED HOUSING CHARACTERISTICS
DP04_0015E,"Estimate!!UNITS IN STRUCTURE!!Total housing units!!Boat, RV, van, etc.",SELECTED HOUSING CHARACTERISTICS
DP04_0016E,Estimate!!YEAR STRUCTURE BUILT!!Total housing units,SELECTED HOUSING CHARACTERISTICS
DP04_0017E,Estimate!!YEAR STRUCTURE BUILT!!Total housing units!!Built 2010 or later,SELECTED HOUSING CHARACTERISTICS
DP04_0018E,Estimate!!YEAR STRUCTURE BUILT!!Total housing units!!Built 2000 to 2009,SELECTED HOUSING CHARACTERISTICS
DP04_0019E,Estimate!!YEAR STRUCTURE BUILT!!Total housing units!!Built 1990 to 1999,SELECTED HOUSING CHARACTERISTICS
DP04_0020E,Estimate!!YEAR STRUCTURE BUILT!!Total housing units!!Built 1980 to 1989,SELECTED HOUSING CHARACTERISTICS
DP04_0021E,Estimate!!YEAR STRUCTURE BUILT!!Total housing units!!Built 1970 to 1979,SELECTED HOUSING CHARACTERISTICS
DP04_0022E,Estimate!!YEAR STRUCTURE BUILT!!Total housing units!!Built 1960 to 1969,SELECTED HOUSING CHARACTERISTICS
DP04_0023E,Estimate!!YEAR STRUCTURE BUILT!!Total housing units!!Built 1950 to 1959,SELECTED HOUSING CHARACTERISTICS
DP04_0024E,Estimate!!YEAR STRUCTURE BUILT!!Total housing units!!Built 1940 to 1949,SELECTED HOUSING CHARACTERISTICS
DP04_0025E,Estimate!!YEAR STRUCTURE BUILT!!Total housing units!!Built 1939 or earlier,SELECTED HOUSING CHARACTERISTICS
DP04_0026E,Estimate!!ROOMS!!Total housing units,SELECTED HOUSING CHARACTERISTICS
DP04_0027E,Estimate!!ROOMS!!Total housing units!!1 room,SELECTED HOUSING CHARACTERISTICS
DP04_0028E,Estimate!!ROOMS!!Total housing units!!2 rooms,SELECTED HOUSING CHARACTERISTICS
DP04_0029E,Estimate!!ROOMS!!Total housing units!!3 rooms,SELECTED HOUSING CHARACTERISTICS
DP04_0030E,Estimate!!ROOMS!!Total housing units!!4 rooms,SELECTED HOUSING CHARACTERISTICS
DP04_0031E,Estimate!!ROOMS!!Total housing units!!5 rooms,SELECTED HOUSING CHARACTERISTICS
DP04_0032E,Estimate!!ROOMS!!Total housing units!!6 rooms,SELECTED HOUSING CHARACTERISTICS
DP04_0033E,Estimate!!ROOMS!!Total housing units!!7 rooms,SELECTED HOUSING CHARACTERISTICS
DP04_0034E,Estimate!!ROOMS!!Total housing units!!8 rooms,SELECTED HOUSING CHARACTERISTICS
DP04_0035E,Estimate!!ROOMS!!Total housing units!!9 rooms or more,SELECTED HOUSING CHARACTERISTICS
DP04_0036E,Estimate!!ROOMS!!Total housing units!!Median rooms,SELECTED HOUSING CHARACTERISTICS
DP04_0037E,Estimate!!BEDROOMS!!Total housing units,SELECTED HOUSING CHARACTERISTICS
DP04_0038E,Estimate!!BEDROOMS!!Total housing units!!No bedroom,SELECTED HOUSING CHARACTERISTICS
DP04_0039E,Estimate!!BEDROOMS!!Total housing units!!1 bedroom,SELECTED HOUSING CHARACTERISTICS
DP04_0040E,Estimate!!BEDROOMS!!Total housing units!!2 bedrooms,SELECTED HOUSING CHARACTERISTICS
DP04_0041E,Estimate!!BEDROOMS!!Total housing units!!3 bedrooms,SELECTED HOUSING CHARACTERISTICS
DP04_0042E,Estimate!!BEDROOMS!!Total housing units!!4 bedrooms,SELECTED HOUSING CHARACTERISTICS
DP04_0043E,Estimate!!BEDROOMS!!Total housing units!!5 or more bedrooms,SELECTED HOUSING CHARACTERISTICS
DP04_0044E,Estimate!!HOUSING TENURE!!Occupied housing units,SELECTED HOUSING CHARACTERISTICS
DP04_0045E,Estimate!!HOUSING TENURE!!Occupied housing units!!Owner-occupied,SELECTED HOUSING CHARACTERISTICS
DP04_0046E,Estimate!!HOUSING TENURE!!Occupied housing units!!Renter-occupied,SELECTED HOUSING CHARACTERISTICS
DP04_0047E,Estimate!!HOUSING TENURE!!Average household size of owner-occupied unit,SELECTED HOUSING CHARACTERISTICS
DP04_0048E,Estimate!!HOUSING TENURE!!Average household size of renter-occupied unit,SELECTED HOUSING CHARACTERISTICS
DP04_0049E,Estimate!!YEAR HOUSEHOLDER MOVED INTO UNIT!!Occupied housing units,SELECTED HOUSING CHARACTERISTICS
DP04_0050E,Estimate!!YEAR HOUSEHOLDER MOVED INTO UNIT!!Occupied housing units!!Moved in 2010 or later,SELECTED HOUSING CHARACTERISTICS
DP04_0051E,Estimate!!YEAR HOUSEHOLDER MOVED INTO UNIT!!Occupied housing units!!Moved in 2000 to 2009,SELECTED HOUSING CHARACTERISTICS
DP04_0052E,Estimate!!YEAR HOUSEHOLDER MOVED INTO UNIT!!Occupied housing units!!Moved in 1990 to 1999,SELECTED HOUSING CHARACTERISTICS
DP04_0053E,Estimate!!YEAR HOUSEHOLDER MOVED INTO UNIT!!Occupied housing units!!Moved in 1980 to 1989,SELECTED HOUSING CHARACTERISTICS
DP04_0054E,Estimate!!YEAR HOUSEHOLDER MOVED INTO UNIT!!Occupied housing units!!Moved in 1970 to 1979,SELECTED HOUSING CHARACTERISTICS
DP04_0055E,Estimate!!YEAR HOUSEHOLDER MOVED INTO UNIT!!Occupied housing units!!Moved in 1969 or earlier,SELECTED HOUSING CHARACTERISTICS
DP04_0056E,Estimate!!VEHICLES AVAILABLE!!Occupied housing units,SELECTED HOUSING CHARACTERISTICS
DP04_0057E,Estimate!!VEHICLES AVAILABLE!!Occupied housing units!!No vehicles available,SELECTED HOUSING CHARACTERISTICS
DP04_0058E,Estimate!!VEHICLES AVAILABLE!!Occupied housing units!!1 vehicle available,SELECTED HOUSING CHARACTERISTICS
DP04_0059E,Estimate!!VEHICLES AVAILABLE!!Occupied housing units!!2 vehicles available,SELECTED HOUSING CHARACTERISTICS
DP04_0060E,Estimate!!VEHICLES AVAILABLE!!Occupied housing units!!3 or more vehicles available,SELECTED HOUSING CHARACTERISTICS
DP04_0061E,Estimate!!HOUSE HEATING FUEL!!Occupied housing units,SELECTED HOUSING CHARACTERISTICS
DP04_0062E,Estimate!!HOUSE HEATING FUEL!!Occupied housing units!!Utility gas,SELECTED HOUSING CHARACTERISTICS
DP04_0063E,"Estimate!!HOUSE HEATING FUEL!!Occupied housing units!!Bottled, tank, or LP gas",SELECTED HOUSING CHARACTERISTICS
DP04_0064E,Estimate!!HOUSE HEATING FUEL!!Occupied housing units!!Electricity,SELECTED HOUSING CHARACTERISTICS
DP04_0065E,"Estimate!!HOUSE HEATING FUEL!!Occupied housing units!!Fuel oil, kerosene, etc.",SELECTED HOUSING CHARACTERISTICS
DP04_0066E,Estimate!!HOUSE HEATING FUEL!!Occupied housing units!!Coal or coke,SELECTED HOUSING CHARACTERISTICS
DP04_0067E,Estimate!!HOUSE HEATING FUEL!!Occupied housing units!!Wood,SELECTED HOUSING CHARACTERISTICS
DP04_0068E,Estimate!!HOUSE HEATING FUEL!!Occupied housing units!!Solar energy,SELECTED HOUSING CHARACTERISTICS
DP04_0069E,Estimate!!HOUSE HEATING FUEL!!Occupied housing units!!Other fuel,SELECTED HOUSING CHARACTERISTICS
DP04_0070E,Estimate!!HOUSE HEATING FUEL!!Occupied housing units!!No fuel used,SELECTED HOUSING CHARACTERISTICS
DP04_0071E,Estimate!!SELECTED CHARACTERISTICS!!Occupied housing units,SELECTED HOUSING CHARACTERISTICS
DP04_0072E,Estimate!!SELECTED CHARACTERISTICS!!Occupied housing units!!Lacking complete plumbing facilities,SELECTED HOUSING CHARACTERISTICS
DP04_0073E,Estimate!!SELECTED CHARACTERISTICS!!Occupied housing units!!Lacking complete kitchen facilities,SELECTED HOUSING CHARACTERISTICS
DP04_0074E,Estimate!!SELECTED CHARACTERISTICS!!Occupied housing units!!No telephone service available,SELECTED HOUSING CHARACTERISTICS
DP04_0075E,Estimate!!OCCUPANTS PER ROOM!!Occupied housing units,SELECTED HOUSING CHARACTERISTICS
DP04_0076E,Estimate!!OCCUPANTS PER ROOM!!Occupied housing units!!1.00 or less,SELECTED HOUSING CHARACTERISTICS
DP04_0077E,Estimate!!OCCUPANTS PER ROOM!!Occupied housing units!!1.01 to 1.50,SELECTED HOUSING CHARACTERISTICS
DP04_0078E,Estimate!!OCCUPANTS PER ROOM!!Occupied housing units!!1.51 or more,SELECTED HOUSING CHARACTERISTICS
DP04_0079E,Estimate!!VALUE!!Owner-occupied units,SELECTED HOUSING CHARACTERISTICS
DP04_0080E,"Estimate!!VALUE!!Owner-occupied units!!Less than $50,000",SELECTED HOUSING CHARACTERISTICS
DP04_0081E,"Estimate!!VALUE!!Owner-occupied units!!$50,000 to $99,999",SELECTED HOUSING CHARACTERISTICS
DP04_0082E,"Estimate!!VALUE!!Owner-occupied units!!$100,000 to $149,999",SELECTED HOUSING CHARACTERISTICS
DP04_0083E,"Estimate!!VALUE!!Owner-occupied units!!$150,000 to $199,999",SELECTED HOUSING CHARACTERISTICS
DP04_0084E,"Estimate!!VALUE!!Owner-occupied units!!$200,000 to $299,999",SELECTED HOUSING CHARACTERISTICS
DP04_0085E,"Estimate!!VALUE!!Owner-occupied units!!$300,000 to $499,999",SELECTED HOUSING CHARACTERISTICS
DP04_0086E,"Estimate!!VALUE!!Owner-occupied units!!$500,000 to $999,999",SELECTED HOUSING CHARACTERISTICS
DP04_0087E,"Estimate!!VALUE!!Owner-occupied units!!$1,000,000 or more",SELECTED HOUSING CHARACTERISTICS
DP04_0088E,Estimate!!VALUE!!Owner-occupied units!!Median (dollars),SELECTED HOUSING CHARACTERISTICS
DP04_0089E,Estimate!!MORTGAGE STATUS!!Owner-occupied units,SELECTED HOUSING CHARACTERISTICS
DP04_0090E,Estimate!!MORTGAGE STATUS!!Owner-occupied units!!Housing units with a mortgage,SELECTED HOUSING CHARACTERISTICS
DP04_0091E,Estimate!!MORTGAGE STATUS!!Owner-occupied units!!Housing units without a mortgage,SELECTED HOUSING CHARACTERISTICS
DP04_0092E,Estimate!!SELECTED MONTHLY OWNER COSTS (SMOC)!!Housing units with a mortgage,SELECTED HOUSING CHARACTERISTICS
DP04_0093E,Estimate!!SELECTED MONTHLY OWNER COSTS (SMOC)!!Housing units with a mortgage!!Less than $300,SELECTED HOUSING CHARACTERISTICS
DP04_0094E,Estimate!!SELECTED MONTHLY OWNER COSTS (SMOC)!!Housing units with a mortgage!!$300 to $499,SELECTED HOUSING CHARACTERISTICS
DP04_0095E,Estimate!!SELECTED MONTHLY OWNER COSTS (SMOC)!!Housing units with a mortgage!!$500 to $699,SELECTED HOUSING CHARACTERISTICS
DP04_0096E,Estimate!!SELECTED MONTHLY OWNER COSTS (SMOC)!!Housing units with a mortgage!!$700 to $999,SELECTED HOUSING CHARACTERISTICS
DP04_0097E,"Estimate!!SELECTED MONTHLY OWNER COSTS (SMOC)!!Housing units with a mortgage!!$1,000 to $1,499",SELECTED HOUSING CHARACTERISTICS
DP04_0098E,"Estimate!!SELECTED MONTHLY OWNER COSTS (SMOC)!!Housing units with a mortgage!!$1,500 to $1,999",SELECTED HOUSING CHARACTERISTICS
DP04_0099E,"Estimate!!SELECTED MONTHLY OWNER COSTS (SMOC)!!Housing units with a mortgage!!$2,000 or more",SELECTED HOUSING CHARACTERISTICS
DP04_0100E,Estimate!!SELECTED MONTHLY OWNER COSTS (SMOC)!!Housing units with a mortgage!!Median (dollars),SELECTED HOUSING CHARACTERISTICS
DP04_0101E,Estimate!!SELECTED MONTHLY OWNER COSTS (SMOC)!!Housing units without a mortgage,SELECTED HOUSING CHARACTERISTICS
DP04_0102E,Estimate!!SELECTED MONTHLY OWNER COSTS (SMOC)!!Housing units without a mortgage!!Less than $100,SELECTED HOUSING CHARACTERISTICS
DP04_0103E,Estimate!!SELECTED MONTHLY OWNER COSTS (SMOC)!!Housing units without a mortgage!!$100 to $199,SELECTED HOUSING CHARACTERISTICS
DP04_0104E,Estimate!!SELECTED MONTHLY OWNER COSTS (SMOC)!!Housing units without a mortgage!!$200 to $299,SELECTED HOUSING CHARACTERISTICS
DP04_0105E,Estimate!!SELECTED MONTHLY OWNER COSTS (SMOC)!!Housing units without a mortgage!!$300 to $399,SELECTED HOUSING CHARACTERISTICS
DP04_0106E,Estimate!!SELECTED MONTHLY OWNER COSTS (SMOC)!!Housing units without a mortgage!!$400 or more,SELECTED HOUSING CHARACTERISTICS
DP04_0107E,Estimate!!SELECTED MONTHLY OWNER COSTS (SMOC)!!Housing units without a mortgage!!Median (dollars),SELECTED HOUSING CHARACTERISTICS
DP04_0108E,Estimate!!SELECTED MONTHLY OWNER COSTS AS A PERCENTAGE OF HOUSEHOLD INCOME (SMOCAPI)!!Housing units with a mortgage (excluding units where SMOCAPI cannot be computed),SELECTED HOUSING CHARACTERISTICS
DP04_0109E,Estimate!!SELECTED MONTHLY OWNER COSTS AS A PERCENTAGE OF HOUSEHOLD INCOME (SMOCAPI)!!Housing units with a mortgage (excluding units where SMOCAPI cannot be computed)!!Less than 20.0 percent,SELECTED HOUSING CHARACTERISTICS
DP04_0110E,Estimate!!SELECTED MONTHLY OWNER COSTS AS A PERCENTAGE OF HOUSEHOLD INCOME (SMOCAPI)!!Housing units with a mortgage (excluding units where SMOCAPI cannot be computed)!!20.0 to 24.9 percent,SELECTED HOUSING CHARACTERISTICS
DP04_0111E,Estimate!!SELECTED MONTHLY OWNER COSTS AS A PERCENTAGE OF HOUSEHOLD INCOME (SMOCAPI)!!Housing units with a mortgage (excluding units where SMOCAPI cannot be computed)!!25.0 to 29.9 percent,SELECTED HOUSING CHARACTERISTICS
DP04_0112E,Estimate!!SELECTED MONTHLY OWNER COSTS AS A PERCENTAGE OF HOUSEHOLD INCOME (SMOCAPI)!!Housing units with a mortgage (excluding units where SMOCAPI cannot be computed)!!30.0 to 34.9 percent,SELECTED HOUSING CHARACTERISTICS
DP04_0113E,Estimate!!SELECTED MONTHLY OWNER COSTS AS A PERCENTAGE OF HOUSEHOLD INCOME (SMOCAPI)!!Housing units with a mortgage (excluding units where SMOCAPI cannot be computed)!!35.0 percent or more,SELECTED HOUSING CHARACTERISTICS
DP04_0114E,Estimate!!SELECTED MONTHLY OWNER COSTS AS A PERCENTAGE OF HOUSEHOLD INCOME (SMOCAPI)!!Not computed,SELECTED HOUSING CHARACTERISTICS
DP04_0115E,Estimate!!SELECTED MONTHLY OWNER COSTS AS A PERCENTAGE OF HOUSEHOLD INCOME (SMOCAPI)!!Housing unit without a mortgage (excluding units where SMOCAPI cannot be computed),SELECTED HOUSING CHARACTERISTICS
DP04_0116E,Estimate!!SELECTED MONTHLY OWNER COSTS AS A PERCENTAGE OF HOUSEHOLD INCOME (SMOCAPI)!!Housing unit without a mortgage (excluding units where SMOCAPI cannot be computed)!!Less than 10.0 percent,SELECTED HOUSING CHARACTERISTICS
DP04_0117E,Estimate!!SELECTED MONTHLY OWNER COSTS AS A PERCENTAGE OF HOUSEHOLD INCOME (SMOCAPI)!!Housing unit without a mortgage (excluding units where SMOCAPI cannot be computed)!!10.0 to 14.9 percent,SELECTED HOUSING CHARACTERISTICS
DP04_0118E,Estimate!!SELECTED MONTHLY OWNER COSTS AS A PERCENTAGE OF HOUSEHOLD INCOME (SMOCAPI)!!Housing unit without a mortgage (excluding units where SMOCAPI cannot be computed)!!15.0 to 19.9 percent,SELECTED HOUSING CHARACTERISTICS
DP04_0119E,Estimate!!SELECTED MONTHLY OWNER COSTS AS A PERCENTAGE OF HOUSEHOLD INCOME (SMOCAPI)!!Housing unit without a mortgage (excluding units where SMOCAPI cannot be computed)!!20.0 to 24.9 percent,SELECTED HOUSING CHARACTERISTICS
DP04_0120E,Estimate!!SELECTED MONTHLY OWNER COSTS AS A PERCENTAGE OF HOUSEHOLD INCOME (SMOCAPI)!!Housing unit without a mortgage (excluding units where SMOCAPI cannot be computed)!!25.0 to 29.9 percent,SELECTED HOUSING CHARACTERISTICS
DP04_0121E,Estimate!!SELECTED MONTHLY OWNER COSTS AS A PERCENTAGE OF HOUSEHOLD INCOME (SMOCAPI)!!Housing unit without a mortgage (excluding units where SMOCAPI cannot be computed)!!30.0 to 34.9 percent,SELECTED HOUSING CHARACTERISTICS
DP04_0122E,Estimate!!SELECTED MONTHLY OWNER COSTS AS A PERCENTAGE OF HOUSEHOLD INCOME (SMOCAPI)!!Housing unit without a mortgage (excluding units where SMOCAPI cannot be computed)!!35.0 percent or more,SELECTED HOUSING CHARACTERISTICS
DP04_0123E,Estimate!!SELECTED MONTHLY OWNER COSTS AS A PERCENTAGE OF HOUSEHOLD INCOME (SMOCAPI)!!Not computed,SELECTED HOUSING CHARACTERISTICS
DP04_0124E,Estimate!!GROSS RENT!!Occupied units paying rent,SELECTED HOUSING CHARACTERISTICS
DP04_0125E,Estimate!!GROSS RENT!!Occupied units paying rent!!Less than $200,SELECTED HOUSING CHARACTERISTICS
DP04_0126E,Estimate!!GROSS RENT!!Occupied units paying rent!!$200 to $299,SELECTED HOUSING CHARACTERISTICS
DP04_0127E,Estimate!!GROSS RENT!!Occupied units paying rent!!$300 to $499,SELECTED HOUSING CHARACTERISTICS
DP04_0128E,Estimate!!GROSS RENT!!Occupied units paying rent!!$500 to $749,SELECTED HOUSING CHARACTERISTICS
DP04_0129E,Estimate!!GROSS RENT!!Occupied units paying rent!!$750 to $999,SELECTED HOUSING CHARACTERISTICS
DP04_0130E,"Estimate!!GROSS RENT!!Occupied units paying rent!!$1,000 to $1,499",SELECTED HOUSING CHARACTERISTICS
DP04_0131E,"Estimate!!GROSS RENT!!Occupied units paying rent!!$1,500 or more",SELECTED HOUSING CHARACTERISTICS
DP04_0132E,Estimate!!GROSS RENT!!Occupied units paying rent!!Median (dollars),SELECTED HOUSING CHARACTERISTICS
DP04_0133E,Estimate!!GROSS RENT!!No rent paid,SELECTED HOUSING CHARACTERISTICS
DP04_0134E,Estimate!!GROSS RENT AS A PERCENTAGE OF HOUSEHOLD INCOME (GRAPI)!!Occupied units paying rent (excluding units where GRAPI cannot be computed),SELECTED HOUSING CHARACTERISTICS
DP04_0135E,Estimate!!GROSS RENT AS A PERCENTAGE OF HOUSEHOLD INCOME (GRAPI)!!Occupied units paying rent (excluding units where GRAPI cannot be computed)!!Less than 15.0 percent,SELECTED HOUSING CHARACTERISTICS
DP04_0136E,Estimate!!GROSS RENT AS A PERCENTAGE OF HOUSEHOLD INCOME (GRAPI)!!Occupied units paying rent (excluding units where GRAPI cannot be computed)!!15.0 to 19.9 percent,SELECTED HOUSING CHARACTERISTICS
DP04_0137E,Estimate!!GROSS RENT AS A PERCENTAGE OF HOUSEHOLD INCOME (GRAPI)!!Occupied units paying rent (excluding units where GRAPI cannot be computed)!!20.0 to 24.9 percent,SELECTED HOUSING CHARACTERISTICS
DP04_0138E,Estimate!!GROSS RENT AS A PERCENTAGE OF HOUSEHOLD INCOME (GRAPI)!!Occupied units paying rent (excluding units where GRAPI cannot be computed)!!25.0 to 29.9 percent,SELECTED HOUSING CHARACTERISTICS
DP04_0139E,Estimate!!GROSS RENT AS A PERCENTAGE OF HOUSEHOLD INCOME (GRAPI)!!Occupied units paying rent (excluding units where GRAPI cannot be computed)!!30.0 to 34.9 percent,SELECTED HOUSING CHARACTERISTICS
DP04_0140E,Estimate!!GROSS RENT AS A PERCENTAGE OF HOUSEHOLD INCOME (GRAPI)!!Occupied units paying rent (excluding units where GRAPI cannot be computed)!!35.0 percent or more,SELECTED HOUSING CHARACTERISTICS
DP04_0141E,Estimate!!GROSS RENT AS A PERCENTAGE OF HOUSEHOLD INCOME (GRAPI)!!Not computed,SELECTED HOUSING CHARACTERISTICS
