Variable, Description
ACCELI42,PERS ELIGIBLE FOR ACCESS SUPPLEMENT-R4/2
ACTDTY31,MILITARY FULL-TIME ACTIVE DUTY - R3/1
ACTDTY42,MILITARY FULL-TIME ACTIVE DUTY - R4/2
ACTDTY53,MILITARY FULL-TIME ACTIVE DUTY - R5/3
ACTLIM31,ANY LIMITATION WORK/HOUSEWRK/SCHL - RD 3/1
ADACLS42,SAQ 4WKS:ACCMP LESS B/C PHY PRBS VR-12
ADAGE42,SAQ: SURVEY AGE
ADASKALC42,SAQ 12 MTHS: ALCOHOL CONSUMPTION
ADBLDS42,SAQ 12 MTHS: AT HOME BLOOD STOOL TEST
ADBMI42,ADULT BODY MASS INDEX (> 17) - RD 4/2
ADBNDN42,SAQ: BONE DENSITY SCAN
ADBPCK42,SAQ 24 MTHS: DR CHECK BLOOD PRESSURE
ADBRST42,SAQ: HAVE BRST CANCER/BRST REMOVED
ADBRTC42,"SAQ 12 MTHS: BIRTH CONTROL COUNSELING OR
INFO"
ADCHLC42,SAQ 5 YRS: DR CHECK CHOLESTEROL
ADCLIM42,SAQ: HLTH LIMITS CLIMBING STAIRS VR-12
ADCLNS42,SAQ 10 YRS: HAD COLONOSCOPY
ADCMPM42,SAQ: DATE COMPLETED - MONTH
ADCMPY42,SAQ: DATE COMPLETED - YEAR
ADCOLN42,SAQ: HAD COLON CANCER/COLON REMOVED
ADCOMPAN42,SAQ: FEEL LACK COMPANIONSHIP
ADDAYA42,SAQ: HLTH LIMITS MOD ACTIVITIES VR-12
ADDAYEXER42,SAQ: 30 DAYS AVG DAYS PER WK MOD EXRCS
ADDEBT42,SAQ: 12 MOS CONTACT COLLECTION
ADDPRS42,SAQ 2 WKS: FELT DOWN/DEPRESSED/HOPELESS
ADDSCU42,SAQ: DISCUSS ASPIRIN PREVENTIVE USE
ADEFRT42,SAQ 30 DAYS: HOW OFTN EVERYTHNG AN EFFORT
ADEMLS42,SAQ 4WKS: ACCMP LESS B/C MNT PRBS VR-12
ADENGY42,SAQ 4WKS: HAD A LOT OF ENERGY VR-12
ADFLST42,SAQ 12 MTHS: FLU VACCINATION
ADGENH42,SAQ: HEALTH IN GENERAL VR-12
ADHDADDX,ADHD/ADD DIAGNOSIS (5-17)
ADHDAGED,AGE OF DIAGNOSIS-ADHD/ADD
ADHOPE42,SAQ 30 DAYS: HOW OFTEN FELT HOPELESS
ADINTR42,SAQ 2 WKS: LITTLE INTEREST IN THINGS
ADISOL42,SAQ: FEEL ISOLATED
ADLANG42,SAQ: LANGUAGE OF SAQ INTERVIEW
ADLATERENT42,SAQ: 12 MOS PAY RENT/MORTG LATE
ADLATEUTIL42,SAQ: 12 MOS PAY UTILITY LATE
ADLEFTOUT42,SAQ: FEEL LEFT OUT
ADLHLP31,ADL SCREENER - RD 3/1
ADMDVT42,SAQ: LAST TIME DR VISIT
ADMINSEXER42,SAQ: 30 DAYS MIN PER DAY MOD EXRCS
ADMISSCCLN42,SAQ: 12 MOS MISS CARD OR LOAN PYMT
ADMMGR42,SAQ 2 YRS: HAD MAMMOGRAM
ADMNTRT42,SAQ 12 MTHS: GET COUNSEL TRTMENT MEDICINE
ADMOOD42,SAQ 12 MTHS: DR ASK ANXIOUS/DEPRSSED
ADMWCF42,SAQ 4WKS:WORK LIMT B/C MNT PROBS VR-12
ADNERV42,SAQ 30 DAYS: HOW OFTEN FELT NERVOUS
ADNOAP42,SAQ: CAN'T TAKE ASPRIN FOR MED REASON
ADNUMDRK42,SAQ 12 MTHS: NUMBER DRINKS TYPICAL DAY
ADOFTALC42,"SAQ 12 MTHS: ASKED HOW MUCH OR OFTEN
ALCOHOL"
ADOFTB42,SAQ 12 MTHS: HOW OFTEN USE TOBACCO
ADOSTP42,SAQ: DX WITH OSTEOPOROSIS
ADPAIN42,SAQ 4WKS: PAIN LIMITS NORMAL WORK VR-12
ADPAP42,SAQ 5 YRS: HAD PAP SMEAR TEST
ADPAPG42,SAQ: AGE AT LAST PAP SMEAR TEST
ADPCFL42,SAQ 4WKS: FELT CALM/PEACEFUL VR-12
ADPNEU42,SAQ: EVER HAD PNEUMONIA SHOT
ADPROBTRT42,"SAQ 12 MTHS: PROBLEM NEEDED COUNSEL
TRTMENT"
ADPROS42,SAQ: HAD PROSTATE CANCER
ADPROX42,SAQ: RELATIONSHIP OF PROXY TO ADULT
ADPRST42,SAQ 4WKS: FELT DOWNHEARTED/DEPR VR-12
ADPSAG42,SAQ: AGE LAST PSA TEST
ADQTHP42,SAQ 12 MTHS: DR ADVS OTH WAY QUIT TOBAC
ADQTMD42,SAQ 12 MTHS: DR ADVS MEDS TO QUIT TOBAC
ADQTTB42,SAQ 12 MTHS: DID DR ADVISE QUIT TOBACCO
ADREST42,SAQ 30 DAYS: HOW OFTEN FELT RESTLESS
ADRNK442_M20,"SAQ 12 MTHS: USUALLY HAVE 4+ DRINKS PER
DRINKING DAY"
ADRNK542_M20,"SAQ 12 MTHS: USUALLY HAVE 5+ DRINKS PER
DRINKING DAY"
ADSAD42,SAQ 30 DAYS: HOW OFTEN FELT SAD
ADSEX42,SAQ: SURVEY GENDER
ADSGMD42,SAQ 5 YRS: HAD SIGMOIDOSCOPY
ADSHNG42,SAQ: EVER HAD SHINGLES VACCINE
ADSLEEP42,SAQ HOW OFTEN TROUBLE WITH SLEEP
ADSOCA42,SAQ 4WKS: HLTH STOPPED SOC ACTIV VR-12
ADSTAL42,SAQ 12 MTHS: ADVISED TO STOP ALCOHOL
ADTBAC42,SAQ 12 MTHS: DID DR ASK ABOUT TOBACCO
ADTRTEXP42,SAQ WORRY FAMILY FINANCE STABILITY M HEALTH
ADUNABTRT42,"SAQ 12 MTHS: NOT GET NEEDED COUNSEL
TRTMENT"
ADUNEXPEXP42,SAQ: COVER UNEXPECTED EXPENSE
ADUTRM42,SAQ: HAD HYSTRCTMY/CRVCL CANCER
ADWGHD42,SAQ 12 MTHS: WEIGHED BY PROFESSIONAL
ADWKLM42,SAQ 4WKS:WORK LIMT B/C PHY PROBS VR-12
ADWRTH42,SAQ 30 DAYS: HOW OFTEN FELT WORTHLESS
ADWTAD42,SAQ 12 MTHS: WEIGHT MANAGEMENT ADVICE
AFRDCA42,COULD NOT AFFORD MED CARE-R4/2
AFRDDN42,COULD NOT AFFORD DENTAL CARE-R4/2
AFRDPM42,COULD NOT AFFORD PMED CARE-R4/2
AFTHOU42,HOW DIFF CONTACT USC AFT HOURS-R4/2
AGE22X,AGE AS OF 12/31/22 (EDITED/IMPUTED)
AGE31X,AGE - R3/1 (EDITED/IMPUTED)
AGE42X,AGE - R4/2 (EDITED/IMPUTED)
AGE53X,AGE - R5/3 (EDITED/IMPUTED)
AGELAST,PERSON'S AGE LAST TIME ELIGIBLE
AIDHLP31,USED ASSISTIVE DEVICES - RD 3/1
ALIIMP22,ALIMONY INCOME IMPUTATION FLAG
ALIMP22X,PERSON'S ALIMONY INCOME
ANGIAGED,AGE OF DIAGNOSIS-ANGINA
ANGIDX,ANGINA DIAGNOSIS (>17)
ANYLMI22,"ANY LIMITATION IN P24R7,8/P26R3,4/P27R1,2"
ARTHAGED,AGE OF DIAGNOSIS-ARTHRITIS
ARTHDX,ARTHRITIS DIAGNOSIS (>17)
ARTHTYPE,TYPE OF ARTHRITIS DIAGNOSED (>17)
ASACUT31,USED ACUTE PRES INHALER LAST 3 MOS - RD 3/1
ASATAK31,ASTHMA ATTACK LAST 12 MOS- RD 3/1
ASDALY31,NOW TAKE PREV DAILY ASTHMA MEDS - RD 3/1
ASEVFL31,EVER USED PEAK FLOW METER - RD 3/1
ASIANP42,IS PROVIDER ASIAN-R4/2
ASMRCN31,USED >3 ACUTE CN PRES INH LAST 3 MOS - RD 3/1
ASPKFL31,HAVE PEAK FLOW METER AT HOME - RD 3/1
ASPREV31,EVER USED PREV DAILY ASTHMA MEDS - RD 3/1
ASSTIL31,DOES PERSON STILL HAVE ASTHMA - RD 3/1
ASTHAGED,AGE OF DIAGNOSIS-ASTHMA
ASTHDX,ASTHMA DIAGNOSIS
ASTHEP31,WHEN WAS LAST EPISODE OF ASTHMA - RD 3/1
ASWNFL31,WHEN LAST USED PEAK FLOW METER - RD 3/1
BEGRFM31,R3/1 REFERENCE PERIOD BEGIN DATE: MONTH
BEGRFM42,R4/2 REFERENCE PERIOD BEGIN DATE: MONTH
BEGRFM53,R5/3 REFERENCE PERIOD BEGIN DATE: MONTH
BEGRFY31,R3/1 REFERENCE PERIOD BEGIN DATE: YEAR
BEGRFY42,R4/2 REFERENCE PERIOD BEGIN DATE: YEAR
BEGRFY53,R5/3 REFERENCE PERIOD BEGIN DATE: YEAR
BENDIF31,DIFFICULTY BENDING/STOOPING - RD 3/1
BLCKPR42,IS PROVIDER BLACK/AFRICAN AMER-R4/2
BOOST42,DR ADVISE BOOSTER SEAT (40<WT<=80)-R4/2
BOOSTERSHOT31,EVER HAD COVID-19 BOOSTER SHOT - RD 3/1
BOOSTERSHOT42,EVER HAD COVID-19 BOOSTER SHOT - RD 4/2
BORNUSA,PERSON BORN IN THE US
BPMLDX,MULT DIAG HIGH BLOOD PRESS (>17)
BSNTY31,"SOLE PROP, PARTNER, CORP, RD 3/1 CMJ"
BSNTY31H,"SOL PROP, PRTNR, CORP, RD 3/1 CMJ (IMP)"
BSNTY42,"SOLE PROP, PARTNER, CORP, RD 4/2 CMJ"
BSNTY42H,"SOL PROP, PRTNR, CORP, RD 4/2 CMJ (IMP)"
BSNTY53,"SOLE PROP, PARTNER, CORP, RD 5/3 CMJ"
BSNTY53H,"SOL PROP, PRTNR, CORP, RD 5/3 CMJ (IMP)"
BUSIMP22,BUSINESS INCOME IMPUTATION FLAG
BUSNP22X,PERSON'S BUSINESS INCOME
CABLADDR,CANCER DIAGNOSED - BLADDER (>17)
CABREAST,CANCER DIAGNOSED - BREAST (>17)
CACERVIX,CANCER DIAGNOSED - CERVICAL (>17)
CACOLON,CANCER DIAGNOSED - COLON (>17)
CALUNG,CANCER DIAGNOSED - LUNG (>17)
CALYMPH,"CANCER DIAGNOSED - LYMPHOMA (NON-
HODGKIN'S) (>17)"
CAMELANO,CANCER DIAGNOSED - SKIN MELANOMA (>17)
CANCERDX,CANCER DIAGNOSIS (>17)
CAOTHER,CANCER DIAGNOSED - OTHER (>17)
CAPROSTA,CANCER DIAGNOSED - PROSTATE (>17)
CASHP22X,PERSON'S OTHER REGULAR CASH CONTRIBUTION
CASKINDK,CANCER DIAGNOSED-SKIN-UNKNOWN TYPE (>17)
CASKINNM,CANCER DIAGNOSED - SKIN-NONMELANO (>17)
CAUTERUS,CANCER DIAGNOSED - UTERINE (>17)
CHBMIX42,CHILD'S BODY MASS INDEX (6 -17) - R4/2
CHBRON31,CHRONC BRONCHITS LAST 12 MTHS (>17)-R3/1
CHCOUN42,CSHCN:CHILD NEEDS COUNSELING (0-17)-R4/2
CHDAGED,AGE OF DIAGNOSIS-CORONARY HEART DISEASE
CHDDX,CORONARY HRT DISEASE DIAG (>17)
CHEMPB42,CSHCN:COUNS PROB LAST 12+MOS (0-17)-R4/2
CHGJ3142,CHANGED JOB BETWEEN RD 3/1 AND RD 4/2
CHGJ4253,CHANGED JOB BETWEEN RD 4/2 AND RD 5/3
CHLDP22X,PERSON'S CHILD SUPPORT
CHLICO42,CSHCN:LIMIT COND LAST 12+MOS (0-17)-R4/2
CHLIHB42,CSHCN:LIMT FOR HLTH/BEHV COND(0-17)-R4/2
CHLIMI42,CSHCN:LIMITED IN ANY WAY (0-17)-R4/2
CHLIMP22,CHILD SUPPORT IMPUTATION FLAG
CHOIC31,CHOICE OF HEALTH PLANS AT RD 3/1 CMJ
CHOIC42,CHOICE OF HEALTH PLANS AT RD 4/2 CMJ
CHOIC53,CHOICE OF HEALTH PLANS AT RD 5/3 CMJ
CHOLAGED,AGE OF DIAGNOSIS-HIGH CHOLESTEROL
CHOLDX,HIGH CHOLESTEROL DIAGNOSIS (>17)
CHPMCN42,CSHCN:PMED COND LAST 12+ MOS (0-17)-R4/2
CHPMED42,CSHCN:CHILD NEEDS PRESCRB MED(0-17)-R4/2
CHPMHB42,CSHCN:PMED FOR HLTH/BEHV COND(0-17)-R4/2
CHSERV42,CSHCN:CHLD NEEDS MED/OTH SERV(0-17)-R4/2
CHSRCN42,CSHCN:SERV COND LAST 12+ MOS (0-17)-R4/2
CHSRHB42,CSHCN:SERV FOR HLTH/BEHV COND(0-17)-R4/2
CHTHCO42,CSHCN:THER COND LAST 12+ MOS (0-17)-R4/2
CHTHER42,CSHCN:CHLD NEEDS SPEC THERAPY(0-17)-R4/2
CHTHHB42,CSHCN:SPEC THER FOR HLTH+COND(0-17)-R4/2
CMJHLD31,HLTH INSUR HELD FROM RD 3/1 CMJ (PRPL)
CMJHLD42,HLTH INSUR HELD FROM RD 4/2 CMJ (PRPL)
CMJHLD53,HLTH INSUR HELD FROM RD 5/3 CMJ (PRPL)
COGLIM31,COGNITIVE LIMITATIONS - RD 3/1
COVAXEVR31,EVER HAD COVID-19 VACCINE - RD 3/1
COVAXEVR42,EVER HAD COVID-19 VACCINE - RD 4/2
COVAXEVR53,EVER HAD COVID-19 VACCINE - RD 5/3
COVAXNEW53,"HAD COVID-19 VACCINE SINCE PRIOR ROUND - RD
5/3"
COVID12MO53,HAD COVID-19 IN THE PAST 12 MONTHS - RD 5/3
COVIDEVER53,EVER HAD COVID-19 - RD 5/3
COVMNTHX53,MONTH LAST HAD COVID-19 - RD 5/3
COVREDABIL53,"REDUCED ABILITY FROM COVID-19 OR LONG
COVID-19 SYMPTOMS- RD 5/3"
COVSYMNOW53,"HAS COVID-19 OR LONG COVID-19 SYMPTOMS
NOW - RD 5/3"
COVYRDX53,YEAR LAST HAD COVID-19 - RD 5/3
CPSFAMID,CPS-LIKE FAMILY IDENTIFIER
CRFMPY42,FAMILY MED BILLS BEING PAID OVER TIME
CSHCN42,CSHCN:CHILD W/SPEC HC NEEDS (0-17)-R4/2
CSHIMP22,CASH CONTRIBUTION IMPUTATION FLAG
DAPID31X,PID OF PERSON'S DAD - RD 3/1
DAPID42X,PID OF PERSON'S DAD - RD 4/2
DAPID53X,PID OF PERSON'S DAD - RD 5/3
DATAYEAR,SURVEY DATA YEAR
DCSELIG,ELIGIBILITY STATUS FOR DCS
DDNWRK22,# DAYS MISSED WORK DUE TO ILL/INJ 2022
DECIDE42,PROV ASKS PERS TO HELP DECIDE-R4/2
DENTIN31,DENTAL INSURANCE - ANY TIME IN RD 3/1
DENTIN42,DENTAL INSURANCE - ANY TIME IN RD 4/2
DENTIN53_M23,DENTAL INSURANCE - ANY TIME IN RD 5/3
DFCOG42,SERIOUS COGNITIVE DIFFICULTIES-RD 4/2
DFDRSB42,DIFFICULTY DRESSING/BATHING-RD 4/2
DFERND42,DIFFICULTY DOING ERRANDS ALONE-RD 4/2
DFHEAR42,SERIOUS DIFFICULTY HEARING-RD 4/2
DFSEE42,SERIOUS DIFFICULTY SEE W/GLASSES-RD 4/2
DFWLKC42,SERIOUS DIFCULTY WLK/CLIMB STAIRS-RD 4/2
DIABAGED,AGE OF DIAGNOSIS-DIABETES
DIABDX_M18,DIABETES DIAGNOSIS
DIABW22F,"FINAL DIABETES CARE SUPPLEMENT WEIGHT, 2022"
DIFFWG31,PERSONS WAGES DIFFERENT THIS RD 3/1 AT CMJ
DIFFWG42,PERSONS WAGES DIFFERENT THIS RD 4/2 AT CMJ
DIFFWG53,PERSONS WAGES DIFFERENT THIS RD 5/3 AT CMJ
DISVW31X,DISAVOWED HEALTH INS AT RD 3/1 CMJ (ED)
DISVW42X,DISAVOWED HEALTH INS AT RD 4/2 CMJ (ED)
DISVW53X,DISAVOWED HEALTH INS AT RD 5/3 CMJ (ED)
DIVDP22X,PERSON'S DIVIDEND INCOME
DIVIMP22,DIVIDEND INCOME IMPUTATION FLAG
DLAYCA42,DELAY MED CARE FOR COST-R4/2
DLAYDN42,DELAY GETTING DENTAL FOR COST-R4/2
DLAYPM42,DELAY GETTING PMED FOR COST-R4/2
DNTINS22_M23,DENTL INS-ANY TIME IN R5/R3 TIL 12/31/22
DNTINS31,DENTAL INS - ANY TIME IN RD 3/1 IN 2022
DOBMM,DATE OF BIRTH: MONTH
DOBYY,DATE OF BIRTH: YEAR
DSA1C53,DCS: TIMES TESTED FOR A-ONE-C IN 2022
DSCB2153,DCS: BLOOD CHOLESTEROL CHECKED BEF 2021
DSCGRP53,DCS: LEARNED CARE BY TAKING GROUP CLASS
DSCH2153,DCS: BLOOD CHOLESTEROL CHECKED IN 2021
DSCH2253,DCS: BLOOD CHOLESTEROL CHECKED IN 2022
DSCH2353,DCS: BLOOD CHOLESTEROL CHECKED IN 2023
DSCHNV53,DCS: NEVER HAD BLOOD CHOLESTEROL CHECKED
DSCINT53,DCS: LEARNED CARE FROM READING INTERNET
DSCNPC53,DCS: LEARNED CARE FROM OTHER PROVIDER
DSCONF53,DCS: CONFIDENT TAKING CARE OF DIABETES
DSCPCP53,DCS: LEARNED CARE FROM PRIMARY CARE PROV
DSCPHN53,DCS: LEARN CARE FROM PHONE CALL W/PROV
DSDIA53,DCS: DIABETES DIAGNOSIS BY HEALTH PROF
DSDIET53,DCS: TREAT DIABETES W/DIET MODIFICATION
DSEB2153,DCS: DILATED EYE EXAM BEFORE 2021
DSEY2153,DCS: DILATED EYE EXAM IN 2021
DSEY2253,DCS: DILATED EYE EXAM IN 2022
DSEY2353,DCS: DILATED EYE EXAM IN 2023
DSEYNV53,DCS: NEVER HAD DILATED EYE EXAM
DSEYPR53,DCS: HAS DIABETES CAUSED EYE PROBS
DSFB2153,DCS: HAD FEET CHECKED BEFORE 2021
DSFL2153,DCS: GOT FLU VACCINATION IN 2021
DSFL2253,DCS: GOT FLU VACCINATION IN 2022
DSFL2353,DCS: GOT FLU VACCINATION IN 2023
DSFLNV53,DCS: NEVER GOT FLU VACCINATION
DSFT2153,DCS: HAD FEET CHECKED DURING 2021
DSFT2253,DCS: HAD FEET CHECKED DURING 2022
DSFT2353,DCS: HAD FEET CHECKED DURING 2023
DSFTNV53,DCS: NEVER HAD FEET CHECKED
DSINSU53,DCS: TREAT DIABETES W/INSULIN INJECTIONS
DSKIDN53,DCS: HAS DIABETES CAUSED KIDNEY PROBLEMS
DSMED53,DCS: TREAT DIABETES W/MEDS BY MOUTH
DSPRX53,DCS: WAS RESPONDENT A PROXY
DSVB2153,DCS: GOT FLU VACCINATION BEFORE 2021
DUID,PANEL # + ENCRYPTED DU IDENTIFIER
DUPERSID,PERSON ID (DUID + PID)
DVTEXP22,TOTAL DENTAL CARE EXP 22
DVTMCD22,ALL DENTAL CARE -MEDICAID AMT 22
DVTMCR22,ALL DENTAL CARE -MEDICARE AMT 22
DVTOFD22,ALL DENTAL CARE -OTHER FEDRL AMT 22
DVTOSR22,ALL DENT CARE-OT UNCLASS SRCE AMT 22
DVTOT22,# DENTAL CARE VISITS 2022
DVTOTH22,ALL DENTAL CARE -OTH COMBINED AMT 22
DVTPRV22,ALL DENTAL CARE -PRIVATE INS AMT 22
DVTPTR22,ALL DENTAL CARE -PRV & TRI AMT 22
DVTSLF22,ALL DENTAL CARE -SELF/FAMILY AMT 22
DVTSTL22,ALL DENTAL CARE -OTH ST/LOCAL AMT 22
DVTTCH22,TOTAL DENTAL CARE VISIT CHARGES 22
DVTTRI22,ALL DENTAL CARE -TRICARE AMT 22
DVTVA22,ALL DENTAL CARE -VA/CHAMPVA AMT 22
DVTWCP22,ALL DENTAL CARE -WORKERS COMP AMT 22
EATHLT42,DR ADVISE EAT HEALTHY (2-17)-R4/2
EDUCYR,YEARS OF EDUC WHEN FIRST ENTERED MEPS
ELGRND22,ELIGIBILITY STATUS AS OF 12/31/22
ELGRND31,ELIGIBILITY - R3/1
ELGRND42,ELIGIBILITY - R4/2
ELGRND53,ELIGIBILITY - R5/3
EMPHAGED,AGE OF DIAGNOSIS-EMPHYSEMA
EMPHDX,EMPHYSEMA DIAGNOSIS (>17)
EMPST31,EMPLOYMENT STATUS RD 3/1
EMPST31H,EMPLOYMENT STATUS RD 3/1 (IMP)
EMPST42,EMPLOYMENT STATUS RD 4/2
EMPST42H,EMPLOYMENT STATUS RD 4/2 (IMP)
EMPST53,EMPLOYMENT STATUS RD 5/3
EMPST53H,EMPLOYMENT STATUS RD 5/3 (IMP)
ENDRFM22,2022 REFERENCE PERIOD END DATE: MONTH
ENDRFM31,R3/1 REFERENCE PERIOD END DATE: MONTH
ENDRFM42,R4/2 REFERENCE PERIOD END DATE: MONTH
ENDRFM53,R5/3 REFERENCE PERIOD END DATE: MONTH
ENDRFY22,2022 REFERENCE PERIOD END DATE: YEAR
ENDRFY31,R3/1 REFERENCE PERIOD END DATE: YEAR
ENDRFY42,R4/2 REFERENCE PERIOD END DATE: YEAR
ENDRFY53,R5/3 REFERENCE PERIOD END DATE: YEAR
ERDEXP22,TOTAL EMERGENCY ROOM DR EXP 22
ERDMCD22,ER-MEDICAID AMT - DR 22
ERDMCR22,ER-MEDICARE AMT - DR 22
ERDOFD22,ER-OTHER FED AMT - DR 22
ERDOSR22,ER-OTH UNCLASS SRCE AMT - DR 22
ERDOTH22,ER-OTH COMBINED AMT - DR 22
ERDPRV22,ER-PRIVATE INS AMT - DR 22
ERDPTR22,ER-PRV & TRI AMT - DR 22
ERDSLF22,ER-SELF/FAMILY AMT - DR 22
ERDSTL22,ER-OTH ST/LOCAL AMT - DR 22
ERDTCH22,ER DOCTOR VISIT CHARGES 22
ERDTRI22,ER-TRICARE AMT - DR 22
ERDVA22,ER-VA/CHAMPVA AMT - DR 22
ERDWCP22,ER-WORKERS COMP AMT - DR 22
ERFEXP22,TOTAL ER FACILITY EXP 22
ERFMCD22,ER-MEDICAID AMT - FAC 22
ERFMCR22,ER-MEDICARE AMT - FAC 22
ERFOFD22,ER-OTHER FEDERAL AMT - FAC 22
ERFOSR22,ER-OTH UNCLASS SRCE AMT - FAC 22
ERFOTH22,ER-OTH COMBINED AMT - FAC 22
ERFPRV22,ER-PRIVATE INS AMT - FAC 22
ERFPTR22,ER-PRV & TRI AMT - FAC 22
ERFSLF22,ER-SELF/FAMILY AMT - FAC 22
ERFSTL22,ER-OTH ST/LOCAL AMT - FAC 22
ERFTCH22,ER FACILITY VISIT CHARGES 22
ERFTRI22,ER-TRICARE AMT - FAC 22
ERFVA22,ER-VA/CHAMPVA AMT - FAC 22
ERFWCP22,ER-WORKERS COMP AMT - FAC 22
ERTEXP22,TOTAL ER FACILITY + DR EXP 22
ERTMCD22,ER -MEDICAID AMT-(FAC+DR) 22
ERTMCR22,ER -MEDICARE AMT-(FAC+DR) 22
ERTOFD22,ER -OTHER FED AMT-(FAC+DR) 22
ERTOSR22,ER -OTH UNCLASS SRCE AMT-(FAC+DR) 22
ERTOT22,# EMERGENCY ROOM VISITS 2022
ERTOTH22,ER -OTH COMBINED AMT (FAC+DR) 22
ERTPRV22,ER -PRIV INS AMT-(FAC+DR) 22
ERTPTR22,ER-PRV & TRI AMT (FAC+DR) 22
ERTSLF22,ER -SELF/FAMILY AMT-(FAC+DR) 22
ERTSTL22,ER -OTH ST/LOCAL AMT-(FAC+DR) 22
ERTTCH22,ER FACILITY + DR VISIT CHARGES 22
ERTTRI22,ER -TRICARE AMT-(FAC+DR) 22
ERTVA22,ER -VA/CHAMPVA AMT-(FAC+DR) 22
ERTWCP22,ER -WORKERS COMP AMT-(FAC+DR) 22
EVRETIRE,PERSON HAS EVER RETIRED
EVRWRK,EVER WRKD FOR PAY IN LIFE AS OF 12/31/22
EXPLOP42,PROV EXPLNS OPTIONS TO PERS-R4/2
FAMID22,FAMILY ID (STUDENT MERGED IN) - 12/31/22
FAMID31,FAMILY ID (STUDENT MERGED IN) - R3/1
FAMID42,FAMILY ID (STUDENT MERGED IN) - R4/2
FAMID53,FAMILY ID (STUDENT MERGED IN) - R5/3
FAMIDYR,ANNUAL FAMILY IDENTIFIER
FAMINC22,FAMILY'S TOTAL INCOME
FAMRFPYR,REFERENCE PERSON OF ANNUALIZED FAMILY
FAMS1231,FAMILY SIZE OF RESPONDING 12/31 FAMILY
FAMSZE22,RU SIZE INCLUDING STUDENT AS OF 12/31/22
FAMSZE31,RU SIZE INCLUDING STUDENTS - R3/1
FAMSZE42,RU SIZE INCLUDING STUDENTS - R4/2
FAMSZE53,RU SIZE INCLUDING STUDENTS - R5/3
FAMSZEYR,SIZE OF RESPONDING ANNUALIZED FAMILY
FAMWT22C,POV ADJ FAMILY WGT-CPS FAM ON 12/31/22
FAMWT22F,"FINAL FAMILY WEIGHT, 2022"
FCRP1231,REF PERSON OF 12/31 CPS FAMILY
FCSZ1231,FAM SIZE RESPONDING 12/31 CPS FAMILY
FILEDR22,HAS PERSON FILED A FED INCOME TAX RETURN
FILER22,PRIMARY OR SECONDARY FILER
FLSTAT22,PERSON'S FILING STATUS
FMRS1231,MEMBER OF RESPONDING 12/31 FAMILY
FNGRDF31,DIFFICULTY USING FINGERS TO GRASP - RD 3/1
FOODMN22,NUMBER OF MONTHS FOOD STAMPS PURCHASED
FOODST22,DID ANYONE PURCHASE FOOD STAMPS
FOODVL22,MONTHLY VALUE OF FOOD STAMPS
FSAGT31,ANYONE IN RU HAVE FSA - R3/1
FTSTU22X,STUDENT STATUS IF AGES 17-23 - 12/31/22
FTSTU31X,STUDENT STATUS IF AGES 17-23 - R3/1
FTSTU42X,STUDENT STATUS IF AGES 17-23 - R4/2
FTSTU53X,STUDENT STATUS IF AGES 17-23 - R5/3
GENDRP42,IS PROVIDER MALE OR FEMALE-R4/2
GOVAAT22,CV OTH PUB-ANY TME IN R5/3 TIL 12/31/22
GOVAAT31,COV BY OTHER PUBLIC-ANY TIME IN R3/1
GOVAAT42,COV BY OTHER PUBLIC-ANY TIME IN R4/2
GOVAAT53,COV BY OTHER PUBLIC-ANY TIME IN R5/3
GOVBAT22,COV OTH PB HMO-ANY TM R5/3 TIL 12/31/22
GOVBAT31,COV BY OTH PUB HMO-ANY TIME IN R3/1
GOVBAT42,COV BY OTH PUB HMO-ANY TIME IN R4/2
GOVBAT53,COV BY OTH PUB HMO-ANY TIME IN R5/3
GOVCAT22,CV OTH PUB PAYS PREM- R5/3 TIL 12/31/22
GOVCAT31,CV BY OTH PUB PAYS PREM-ANY TIME IN R3/1
GOVCAT42,CV BY OTH PUB PAYS PREM-ANY TIME IN R4/2
GOVCAT53,CV BY OTH PUB PAYS PREM-ANY TIME IN R5/3
GOVTA22,COV BY OTHER PUBLIC COV - 12/31/22
GOVTA31,COV BY OTHER PUBLIC COV - R3/1 INT DT
GOVTA42,COV BY OTHER PUBLIC COV - R4/2 INT DT
GOVTA53,COV BY OTHER PUBLIC COV 12-31/R3 INT DT
GOVTB22,COV BY OTH PUB HMO - 12/31/22
GOVTB31,COV BY OTH PUB HMO - R3/1 INT DT
GOVTB42,COV BY OTH PUB HMO - R4/2 INT DT
GOVTB53,COV BY OTH PUB HMO 12-31/R3 INT DT
GOVTC22,COV BY OTH PUB PAYS PREM - 12/31/22
GOVTC31,COV BY OTH PUB PAYS PREM - R3/1 INT DT
GOVTC42,COV BY OTH PUB PAYS PREM - R4/2 INT DT
GOVTC53,COV BY OTH PUB PAYS PREM 12-31/R3 INT DT
GVAAP22,COV BY OTHER PUBLIC COVERAGE IN APR22
GVAAU22,COV BY OTHER PUBLIC COVERAGE IN AUG22
GVADE22,COV BY OTHER PUBLIC COVERAGE IN DEC22
GVAEV22,EVER HAVE OTHER PUBLIC DURING 2022
GVAFE22,COV BY OTHER PUBLIC COVERAGE IN FEB22
GVAJA22,COV BY OTHER PUBLIC COVERAGE IN JAN22
GVAJL22,COV BY OTHER PUBLIC COVERAGE IN JUL22
GVAJU22,COV BY OTHER PUBLIC COVERAGE IN JUN22
GVAMA22,COV BY OTHER PUBLIC COVERAGE IN MAR22
GVAMY22,COV BY OTHER PUBLIC COVERAGE IN MAY22
GVANO22,COV BY OTHER PUBLIC COVERAGE IN NOV22
GVAOC22,COV BY OTHER PUBLIC COVERAGE IN OCT22
GVASE22,COV BY OTHER PUBLIC COVERAGE IN SEP22
GVBAP22,COV BY OTHER PUBLIC HMO IN APR22
GVBAU22,COV BY OTHER PUBLIC HMO IN AUG22
GVBDE22,COV BY OTHER PUBLIC HMO IN DEC22
GVBEV22,EVER HAVE OTHER PUBLIC HMO DURING 2022
GVBFE22,COV BY OTHER PUBLIC HMO IN FEB22
GVBJA22,COV BY OTHER PUBLIC HMO IN JAN22
GVBJL22,COV BY OTHER PUBLIC HMO IN JUL22
GVBJU22,COV BY OTHER PUBLIC HMO IN JUN22
GVBMA22,COV BY OTHER PUBLIC HMO IN MAR22
GVBMY22,COV BY OTHER PUBLIC HMO IN MAY22
GVBNO22,COV BY OTHER PUBLIC HMO IN NOV22
GVBOC22,COV BY OTHER PUBLIC HMO IN OCT22
GVBSE22,COV BY OTHER PUBLIC HMO IN SEP22
GVCAP22,COV BY OTHER PUBLIC PAYS PREM IN APR22
GVCAU22,COV BY OTHER PUBLIC PAYS PREM IN AUG22
GVCDE22,COV BY OTHER PUBLIC PAYS PREM IN DEC22
GVCEV22,EVER HAVE OTH PUB PAYS PREM DURING 2022
GVCFE22,COV BY OTHER PUBLIC PAYS PREM IN FEB22
GVCJA22,COV BY OTHER PUBLIC PAYS PREM IN JAN22
GVCJL22,COV BY OTHER PUBLIC PAYS PREM IN JUL22
GVCJU22,COV BY OTHER PUBLIC PAYS PREM IN JUN22
GVCMA22,COV BY OTHER PUBLIC PAYS PREM IN MAR22
GVCMY22,COV BY OTHER PUBLIC PAYS PREM IN MAY22
GVCNO22,COV BY OTHER PUBLIC PAYS PREM IN NOV22
GVCOC22,COV BY OTHER PUBLIC PAYS PREM IN OCT22
GVCSE22,COV BY OTHER PUBLIC PAYS PREM IN SEP22
HASFSA31,PERSON IS FSA HOLDER - R3/1
HAVEUS42,DOES PERSON HAVE USC PROVIDER-R4/2
HELD31X,HEALTH INSUR HELD FROM RD 3/1 CMJ (ED)
HELD42X,HEALTH INSUR HELD FROM RD 4/2 CMJ (ED)
HELD53X,HEALTH INSUR HELD FROM RD 5/3 CMJ (ED)
HELMET42,DR ADVISE BIKE HELMET (2-17)-R4/2
HHAEXP22,TOTAL HOME HEALTH AGENCY EXP 22
HHAGD22,# AGENCY HOME HEALTH PROVIDER DAYS 2022
HHAMCD22,HOME HLTH AGENCY -MEDICAID AMT 22
HHAMCR22,HOME HLTH AGENCY -MEDICARE AMT 22
HHAOFD22,HOME HLTH AGENCY-OTHER FED AMT 22
HHAOSR22,H HLTH AGENCY - OT UNCLASS SRCE AMT 22
HHAOTH22,HOME HLTH AGENCY -OTH COMBINED AMT 22
HHAPRV22,HOME HLTH AGENCY -PRIVATE INS AMT 22
HHAPTR22,HOME HLTH AGENCY -PRV & TRI AMT 22
HHASLF22,HOME HLTH AGENCY -SELF/FAMILY AMT 22
HHASTL22,HOME HLTH AGENCY-OTHR ST/LOCAL AMT 22
HHATCH22,HOME HEALTH AGENCY VISIT CHARGES 22
HHATRI22,HOME HLTH AGENCY-TRICARE AMT 22
HHAVA22,HOME HLTH AGENCY-VA/CHAMPVA AMT 22
HHAWCP22,HOME HLTH AGENCY- WORKERS COMP AMT 22
HHINDD22,# NON-AGENCY HOME HEALTH PROVIDR DAYS 2022
HHINFD22,# INFORMAL HOME HEALTH PROVIDER DAYS 2022
HHNEXP22,TOTAL HOME HEALTH NON-AGNCY EXP 22
HHNMCD22,HOME HLTH NON-AGNCY -MEDICAID AMT 22
HHNMCR22,HOME HLTH NON-AGNCY -MEDICARE AMT 22
HHNOFD22,HOME HLTH NON-AGNCY-OTHR FED AMT 22
HHNOSR22,H HLTH NON-AGNCY-OT UNCLASS SRCE AMT 22
HHNOTH22,HOME HLTH NON-AGNCY -OTH COMBINED AMT 22
HHNPRV22,HOME HLTH NON-AGNCY -PRIV INS AMT 22
HHNPTR22,HOME HLTH NON-AGNCY -PRV & TRI AMT 22
HHNSLF22,HOME HLTH NON-AGNCY -SELF/FAM AMT 22
HHNSTL22,HOME HLTH NON-AGNCY-OTHR ST/LOCL AMT 22
HHNTCH22,HOME HEALTH NON-AGENCY VISIT CHARGES 22
HHNTRI22,HOME HLTH NON-AGNCY-TRICARE AMT 22
HHNVA22,HOME HLTH NON-AGNCY-VA/CHAMPVA AMT 22
HHNWCP22,HOME HLTH NON-AGNCY-WORKERS COMP AMT 22
HHTOTD22,# HOME HEALTH PROVIDER DAYS 2022
HIBPAGED,AGE OF DIAGNOSIS-HIGH BLOOD PRESSURE
HIBPDX,HIGH BLOOD PRESSURE DIAG (>17)
HIDEG,HIGHEST DEGREE WHEN FIRST ENTERED MEPS
HIEUIDX,HIEU IDENTIFIER
HISPANX,HISPANIC ETHNICITY (EDITED/IMPUTED)
HISPNCAT,HISPANIC ETHNICITY (EDITED/IMPUTED)
HOUR31,HOURS PER WEEK AT RD 3/1 CMJ
HOUR31H,HOURS PER WEEK AT RD 3/1 CMJ (IMP)
HOUR42,HOURS PER WEEK AT RD 4/2 CMJ
HOUR42H,HOURS PER WEEK AT RD 4/2 CMJ (IMP)
HOUR53,HOURS PER WEEK AT RD 5/3 CMJ
HOUR53H,HOURS PER WEEK AT RD 5/3 CMJ (IMP)
HPDAP22,PHOLDER OF PRIV INS (SOURCE UNKNWN) APR22
HPDAU22,PHOLDER OF PRIV INS (SOURCE UNKNWN) AUG22
HPDDE22,PHOLDER OF PRIV INS (SOURCE UNKNWN) DEC22
HPDFE22,PHOLDER OF PRIV INS (SOURCE UNKNWN) FEB22
HPDJA22,PHOLDER OF PRIV INS (SOURCE UNKNWN) JAN22
HPDJL22,PHOLDER OF PRIV INS (SOURCE UNKNWN) JUL22
HPDJU22,PHOLDER OF PRIV INS (SOURCE UNKNWN) JUN22
HPDMA22,PHOLDER OF PRIV INS (SOURCE UNKNWN) MAR22
HPDMY22,PHOLDER OF PRIV INS (SOURCE UNKNWN) MAY22
HPDNO22,PHOLDER OF PRIV INS (SOURCE UNKNWN) NOV22
HPDOC22,PHOLDER OF PRIV INS (SOURCE UNKNWN) OCT22
HPDSE22,PHOLDER OF PRIV INS (SOURCE UNKNWN) SEP22
HPEAP22,PHOLDER OF EMPL UNION INS IN APR22
HPEAU22,PHOLDER OF EMPL UNION INS IN AUG22
HPEDE22,PHOLDER OF EMPL UNION INS IN DEC22
HPEFE22,PHOLDER OF EMPL UNION INS IN FEB22
HPEJA22,PHOLDER OF EMPL UNION INS IN JAN22
HPEJL22,PHOLDER OF EMPL UNION INS IN JUL22
HPEJU22,PHOLDER OF EMPL UNION INS IN JUN22
HPEMA22,PHOLDER OF EMPL UNION INS IN MAR22
HPEMY22,PHOLDER OF EMPL UNION INS IN MAY22
HPENO22,PHOLDER OF EMPL UNION INS IN NOV22
HPEOC22,PHOLDER OF EMPL UNION INS IN OCT22
HPESE22,PHOLDER OF EMPL UNION INS IN SEP22
HPNAP22,PHOLDER OF NONGROUP INS IN APR22
HPNAU22,PHOLDER OF NONGROUP INS IN AUG22
HPNDE22,PHOLDER OF NONGROUP INS IN DEC22
HPNFE22,PHOLDER OF NONGROUP INS IN FEB22
HPNJA22,PHOLDER OF NONGROUP INS IN JAN22
HPNJL22,PHOLDER OF NONGROUP INS IN JUL22
HPNJU22,PHOLDER OF NONGROUP INS IN JUN22
HPNMA22,PHOLDER OF NONGROUP INS IN MAR22
HPNMY22,PHOLDER OF NONGROUP INS IN MAY22
HPNNO22,PHOLDER OF NONGROUP INS IN NOV22
HPNOC22,PHOLDER OF NONGROUP INS IN OCT22
HPNSE22,PHOLDER OF NONGROUP INS IN SEP22
HPOAP22,PHOLDER OF OTHER GROUP INS IN APR22
HPOAU22,PHOLDER OF OTHER GROUP INS IN AUG22
HPODE22,PHOLDER OF OTHER GROUP INS IN DEC22
HPOFE22,PHOLDER OF OTHER GROUP INS IN FEB22
HPOJA22,PHOLDER OF OTHER GROUP INS IN JAN22
HPOJL22,PHOLDER OF OTHER GROUP INS IN JUL22
HPOJU22,PHOLDER OF OTHER GROUP INS IN JUN22
HPOMA22,PHOLDER OF OTHER GROUP INS IN MAR22
HPOMY22,PHOLDER OF OTHER GROUP INS IN MAY22
HPONO22,PHOLDER OF OTHER GROUP INS IN NOV22
HPOOC22,PHOLDER OF OTHER GROUP INS IN OCT22
HPOSE22,PHOLDER OF OTHER GROUP INS IN SEP22
HPRAP22,PHOLDER OF PRIVATE INSURANCE IN APR22
HPRAU22,PHOLDER OF PRIVATE INSURANCE IN AUG22
HPRDE22,PHOLDER OF PRIVATE INSURANCE IN DEC22
HPRFE22,PHOLDER OF PRIVATE INSURANCE IN FEB22
HPRJA22,PHOLDER OF PRIVATE INSURANCE IN JAN22
HPRJL22,PHOLDER OF PRIVATE INSURANCE IN JUL22
HPRJU22,PHOLDER OF PRIVATE INSURANCE IN JUN22
HPRMA22,PHOLDER OF PRIVATE INSURANCE IN MAR22
HPRMY22,PHOLDER OF PRIVATE INSURANCE IN MAY22
HPRNO22,PHOLDER OF PRIVATE INSURANCE IN NOV22
HPROC22,PHOLDER OF PRIVATE INSURANCE IN OCT22
HPRSE22,PHOLDER OF PRIVATE INSURANCE IN SEP22
HPXAP22,PHOLDER OF PRIV INS THROUGH EXCH IN APR22
HPXAU22,PHOLDER OF PRIV INS THROUGH EXCH IN AUG22
HPXDE22,PHOLDER OF PRIV INS THROUGH EXCH IN DEC22
HPXFE22,PHOLDER OF PRIV INS THROUGH EXCH IN FEB22
HPXJA22,PHOLDER OF PRIV INS THROUGH EXCH IN JAN22
HPXJL22,PHOLDER OF PRIV INS THROUGH EXCH IN JUL22
HPXJU22,PHOLDER OF PRIV INS THROUGH EXCH IN JUN22
HPXMA22,PHOLDER OF PRIV INS THROUGH EXCH IN MAR22
HPXMY22,PHOLDER OF PRIV INS THROUGH EXCH IN MAY22
HPXNO22,PHOLDER OF PRIV INS THROUGH EXCH IN NOV22
HPXOC22,PHOLDER OF PRIV INS THROUGH EXCH IN OCT22
HPXSE22,PHOLDER OF PRIV INS THROUGH EXCH IN SEP22
HRHOW31,HOW HOURLY WAGE WAS CALCULATED RD 3/1
HRHOW42,HOW HOURLY WAGE WAS CALCULATED RD 4/2
HRHOW53,HOW HOURLY WAGE WAS CALCULATED RD 5/3
HRWG31H,HOURLY WAGE RD 3/1 CMJ (IMP)
HRWG31X,HOURLY WAGE RD 3/1 CMJ (IMP)
HRWG42H,HOURLY WAGE RD 4/2 CMJ (IMP)
HRWG42X,HOURLY WAGE RD 4/2 CMJ (IMP)
HRWG53H,HOURLY WAGE RD 5/3 CMJ (IMP)
HRWG53X,HOURLY WAGE RD 5/3 CMJ (IMP)
HRWGIM31,HRWG31X IMPUTATION FLAG
HRWGIM42,HRWG42X IMPUTATION FLAG
HRWGIM53,HRWG53X IMPUTATION FLAG
HSELIM31,HOUSEWORK LIMITATION - RD 3/1
HSPLAP42,IS PROVIDER HISPANIC OR LATINO-R4/2
HWELLSPK,HOW WELL PERSON SPEAKS ENGLISH
IADLHP31,IADL SCREENER - RD 3/1
IHS22,COV BY IHS - 12/31/22
IHS31,CV BY INDIAN HEALTH SERVICE- R3/1 INT DT
IHS42,CV BY INDIAN HEALTH SERVICE- R4/2 INT DT
IHS53,CV BY IHS 12-31/R3 INT DT
IHSAP22,COV BY INDIAN HEALTH SERVICE IN APR22
IHSAT22,COV BY IHS-ANY TME IN R5/3 TIL 12/31/22
IHSAT31,COV BY IHS - ANY TIME IN R3/1
IHSAT42,COV BY IHS - ANY TIME IN R4/2
IHSAT53,COV BY IHS - ANY TIME IN R5/3
IHSAU22,COV BY INDIAN HEALTH SERVICE IN AUG22
IHSDE22,COV BY INDIAN HEALTH SERVICE IN DEC22
IHSFE22,COV BY INDIAN HEALTH SERVICE IN FEB22
IHSJA22,COV BY INDIAN HEALTH SERVICE IN JAN22
IHSJL22,COV BY INDIAN HEALTH SERVICE IN JUL22
IHSJU22,COV BY INDIAN HEALTH SERVICE IN JUN22
IHSMA22,COV BY INDIAN HEALTH SERVICE IN MAR22
IHSMY22,COV BY INDIAN HEALTH SERVICE IN MAY22
IHSNO22,COV BY INDIAN HEALTH SERVICE IN NOV22
IHSOC22,COV BY INDIAN HEALTH SERVICE IN OCT22
IHSSE22,COV BY INDIAN HEALTH SERVICE IN SEP22
INDCAT31,INDUSTRY GROUP RD 3/1 CMJ
INDCAT42,INDUSTRY GROUP RD 4/2 CMJ
INDCAT53,INDUSTRY GROUP RD 5/3 CMJ
INDCT31H,INDUSTRY GROUP RD 3/1 CMJ (IMP)
INDCT42H,INDUSTRY GROUP RD 4/2 CMJ (IMP)
INDCT53H,INDUSTRY GROUP RD 5/3 CMJ (IMP)
INS22X,INSURED - 12/31/22 (ED)
INS31X,INSURED - R3/1 INT DATE (ED)
INS42X,INSURED - R4/2 INT DATE (ED)
INS53X,INSURED 12-31/R3 INT DATE (ED)
INSAP22X,COVR BY HOSP/MED INS IN APR22
INSAT22X,INSURED ANY TIME IN R5/R3 UNTIL 12/31/22
INSAT31X,INSURED ANY TIME IN R3/1
INSAT42X,INSURED ANY TIME IN R4/2
INSAT53X,INSURED ANY TIME IN R5/3
INSAU22X,COVR BY HOSP/MED INS IN AUG22
INSC1231,INSCOPE STATUS ON 12/31/22
INSCOP22,INSCOPE - R5/3 START THROUGH 12/31/22
INSCOP31,INSCOPE - R3/1
INSCOP42,INSCOPE - R4/2
INSCOP53,INSCOPE - R5/3
INSCOPE,WAS PERSON EVER INSCOPE IN 2022
INSCOV22,HEALTH INSURANCE COVERAGE INDICATOR 2022
INSDE22X,COVR BY HOSP/MED INS IN DEC22
INSFE22X,COVR BY HOSP/MED INS IN FEB22
INSJA22X,COVR BY HOSP/MED INS IN JAN22
INSJL22X,COVR BY HOSP/MED INS IN JUL22
INSJU22X,COVR BY HOSP/MED INS IN JUN22
INSMA22X,COVR BY HOSP/MED INS IN MAR22
INSMY22X,COVR BY HOSP/MED INS IN MAY22
INSNO22X,COVR BY HOSP/MED INS IN NOV22
INSOC22X,COVR BY HOSP/MED INS IN OCT22
INSSE22X,COVR BY HOSP/MED INS IN SEP22
INSURC22,FULL YEAR INSURANCE COVERAGE STATUS 2022
INTIMP22,INTEREST INCOME IMPUTATION FLAG
INTRP22X,PERSON'S INTEREST INCOME
INTVLANG,LANGUAGE INTERVIEW WAS COMPLETED
INTVTYPE31,"WAS INTERVIEW IN-PERSON, BY PHONE, OR BY
VIDEO R3/1"
INTVTYPE42,"WAS INTERVIEW IN-PERSON, BY PHONE, OR BY
VIDEO R4/2"
INTVTYPE53,"WAS INTERVIEW IN-PERSON, BY PHONE, OR BY
VIDEO R5/3"
IPDEXP22,TOTL HOSP STAZ DR EXP 22
IPDIS22,# HOSPITAL DISCHARGES 2022
IPDMCD22,IP HOSP STAZ-MEDICAID AMT-DR 22
IPDMCR22,IP HOSP STAZ-MEDICARE AMT- DR 22
IPDOFD22,IP HOSP STAZ-OTHER FED AMT-DR 22
IPDOSR22,IP HOSP STAZ-OT UNCLASS SORCE AMT-DR 22
IPDOTH22,IP HOSP STAZ-OTH COMBINED AMT-DR 22
IPDPRV22,IP HOSP STAZ-PRIV INS AMT- DR 22
IPDPTR22,IP HOSP STAZ-PRV & TRI AMT-DR 22
IPDSLF22,IP HOSP STAZ-SELF/FAMILY AMT-DR 22
IPDSTL22,IP HOSP STAZ-OTH ST/LOCAL AMT-DR 22
IPDTCH22,IP HOSP STAY CHARGES - DR 22
IPDTRI22,IP HOSP STAZ-TRICARE AMT-DR 22
IPDVA22,IP HOSP STAZ-VA/CHAMPVA AMT-DR 22
IPDWCP22,IP HOSP STAZ-WORKERS COMP AMT-DR 22
IPFEXP22,TOT HOSP IP FACILITY EXP 22
IPFMCD22,IP HOSP STAZ-MEDICAID AMT-FAC 22
IPFMCR22,IP HOSP STAZ-MEDICARE AMT-FAC 22
IPFOFD22,IP HOSP STAZ-OTHER FED AMT-FAC 22
IPFOSR22,IP HOSP STAZ-OT UNCLASS SRCE AMT-FAC 22
IPFOTH22,IP HOSP STAZ-OTH COMBINED AMT-FAC 22
IPFPRV22,IP HOSP STAZ-PRIV INS AMT-FAC 22
IPFPTR22,IP HOSP STAZ-PRV & TRI AMT-FAC 22
IPFSLF22,IP HOSP STAZ-SELF/FAMILY AMT-FAC 22
IPFSTL22,IP HOSP STAZ-OTH ST/LOCAL AMT-FAC 22
IPFTCH22,IP HOSP STAY CHARGES - FAC 22
IPFTRI22,IP HOSP STAZ-TRICARE AMT-FAC 22
IPFVA22,IP HOSP STAZ-VA/CHAMPVA AMT-FAC 22
IPFWCP22,IP HOSP STAZ-WORKERS COMP AMT-FAC 22
IPNGTD22,"# NIGHTS IN HOSP FOR DISCHARGES, 2022"
IPTEXP22,TOT HOSP IP FACILITY + DR EXP 22
IPTMCD22,IP HOSP STAZ-MEDICAID AMT-(FAC+DR) 22
IPTMCR22,IP HOSP STAZ-MEDICARE AMT-(FAC+DR) 22
IPTOFD22,IP HOSP STAZ-OTHER FED AMT-(FAC+DR) 22
IPTOSR22,IP HOSP STAZ-OTH UNCLS SRC AMT-(FAC+DR) 22
IPTOTH22,IP HOSP STAZ -OTH COMBINED AMT (FAC+DR) 22
IPTPRV22,IP HOSP STAZ-PRIV INS AMT-(FAC+DR) 22
IPTPTR22,IP HOSP STAZ-PRV & TRI AMT (FAC+DR) 22
IPTSLF22,IP HOSP STAZ-SELF/FAMILY AMT-(FAC+DR) 22
IPTSTL22,IP HSP STAZ-OTH ST/LOCAL AMT-(FAC+DR) 22
IPTTCH22,IP HOSP STAY CHARGES (FAC+DR) 22
IPTTRI22,IP HOSP STAZ-TRICARE AMT-(FAC+DR) 22
IPTVA22,IP HOSP STAZ-VA/CHAMPVA AMT-(FAC+DR) 22
IPTWCP22,IP HOSP STAZ-WRKRS COMP AMT-(FAC+DR) 22
IRAIMP22,IRA INCOME IMPUTATION FLAG
IRASP22X,PERSON'S IRA INCOME
JBORG31H,"PRV, ST-LC GOV, FED GOV RD 3/1 CMJ (IMP)"
JBORG42H,"PRV, ST-LC GOV, FED GOV RD 4/2 CMJ (IMP)"
JBORG53H,"PRV, ST-LC GOV, FED GOV RD 5/3 CMJ (IMP)"
JNTPID22,PID OF SECONDARY FILER
JOBORG31,"PRIV (PROFIT,NONPROFIT) GOV RD 3/1 CMJ"
JOBORG42,"PRIV (PROFIT,NONPROFIT) GOV RD 4/2 CMJ"
JOBORG53,"PRIV (PROFIT,NONPROFIT) GOV RD 5/3 CMJ"
JTINRU22,JOINT FILER'S MEMBERSHIP IN RU
JTPAIN31_M18,JOINT PAIN LAST 12 MONTHS (>17) - RD 3/1
K6SUM42,SAQ 30 DAYS: OVERALL RATING OF FEELINGS
KEYNESS,PERSON KEY STATUS
LAPBLT42,DR ADVISE LAP/SHOULDER BELT (80<WT)-R4/2
LCEVER53,"EVER HAD COVID-19 SYMPTOMS LASTING >= 3
MONTHS (LONG COVID)- RD 5/3"
LFTDIF31,DIFFICULTY LIFTING 10 POUNDS - RD 3/1
LOCATN42,USC LOCATION-R4/2
LSTETH53,LOST ALL UPPR AND LOWR TEETH (>17) - RD 5/3
MARRY22X,MARITAL STATUS-12/31/22 (EDITED/IMPUTED)
MARRY31X,MARITAL STATUS - R3/1 (EDITED/IMPUTED)
MARRY42X,MARITAL STATUS - R4/2 (EDITED/IMPUTED)
MARRY53X,MARITAL STATUS - R5/3 (EDITED/IMPUTED)
MCAID22,COV BY MEDICAID OR SCHIP - 12/31/22
MCAID22X,COV BY MEDICAID OR SCHIP - 12/31/22 (ED)
MCAID31,COV BY MEDICAID OR SCHIP - R3/1 INT DT
MCAID31X,COV BY MEDICAID/SCHIP - R3/1 INT DT (ED)
MCAID42,COV BY MEDICAID OR SCHIP - R4/2 INT DT
MCAID42X,COV BY MEDICAID/SCHIP - R4/2 INT DT (ED)
MCAID53,COV BY MEDICAID OR SCHIP 12-31/R3 INT DT
MCAID53X,COV MEDICAID/SCHIP 12-31/R3 INT DT(ED)
MCARE22,COV BY MEDICARE - 12/31/22
MCARE22X,COV BY MEDICARE - 12/31/22 (ED)
MCARE31,COV BY MEDICARE - R3/1 INT DT
MCARE31X,COV BY MEDICARE - R3/1 INT DT (ED)
MCARE42,COV BY MEDICARE - R4/2 INT DT
MCARE42X,COV BY MEDICARE - R4/2 INT DT (ED)
MCARE53,COV BY MEDICARE 12-31/R3 INT DT
MCARE53X,COV BY MEDICARE 12-31/R3 INT DT (ED)
MCDAP22,COV BY MEDICAID OR SCHIP IN APR22
MCDAP22X,COV BY MEDICAID OR SCHIP IN APR22 (ED)
MCDAT22X,CV MCD/CHIP-ANY TME IN R5/3 TIL 12/31/22
MCDAT31X,COV MEDICAID OR SCHIP - ANY TIME IN R3/1
MCDAT42X,COV MEDICAID OR SCHIP - ANY TIME IN R4/2
MCDAT53X,COV MEDICAID OR SCHIP - ANY TIME IN R5/3
MCDAU22,COV BY MEDICAID OR SCHIP IN AUG22
MCDAU22X,COV BY MEDICAID OR SCHIP IN AUG22 (ED)
MCDDE22,COV BY MEDICAID OR SCHIP IN DEC22
MCDDE22X,COV BY MEDICAID OR SCHIP IN DEC22 (ED)
MCDEV22,EVER HAVE MCAID/SCHIP DURING 2022 (ED)
MCDFE22,COV BY MEDICAID OR SCHIP IN FEB22
MCDFE22X,COV BY MEDICAID OR SCHIP IN FEB22 (ED)
MCDHMO22,COV BY MCAID/SCHIP HMO-R5/3 TIL 12/31/22
MCDHMO31,COV BY MCAID/SCHIP HMO -ANY TIME IN R3/1
MCDHMO42,COV BY MCAID/SCHIP HMO -ANY TIME IN R4/2
MCDJA22,COV BY MEDICAID OR SCHIP IN JAN22
MCDJA22X,COV BY MEDICAID OR SCHIP IN JAN22 (ED)
MCDJL22,COV BY MEDICAID OR SCHIP IN JUL22
MCDJL22X,COV BY MEDICAID OR SCHIP IN JUL22 (ED)
MCDJU22,COV BY MEDICAID OR SCHIP IN JUN22
MCDJU22X,COV BY MEDICAID OR SCHIP IN JUN22 (ED)
MCDMA22,COV BY MEDICAID OR SCHIP IN MAR22
MCDMA22X,COV BY MEDICAID OR SCHIP IN MAR22 (ED)
MCDMC22,CV MCD/CHIP GTKPR PLN-R5/3 TIL 12/31/22
MCDMC31,CV MCAID/CHIP GTKPR PLN-ANY TIME IN R3/1
MCDMC42,CV MCAID/CHIP GTKPR PLN-ANY TIME IN R4/2
MCDMY22,COV BY MEDICAID OR SCHIP IN MAY22
MCDMY22X,COV BY MEDICAID OR SCHIP IN MAY22 (ED)
MCDNO22,COV BY MEDICAID OR SCHIP IN NOV22
MCDNO22X,COV BY MEDICAID OR SCHIP IN NOV22 (ED)
MCDOC22,COV BY MEDICAID OR SCHIP IN OCT22
MCDOC22X,COV BY MEDICAID OR SCHIP IN OCT22 (ED)
MCDSE22,COV BY MEDICAID OR SCHIP IN SEP22
MCDSE22X,COV BY MEDICAID OR SCHIP IN SEP22 (ED)
MCRAP22,COVERED BY MEDICARE IN APR22
MCRAP22X,COVERED BY MEDICARE IN APR22 (ED)
MCRAU22,COVERED BY MEDICARE IN AUG22
MCRAU22X,COVERED BY MEDICARE IN AUG22 (ED)
MCRDE22,COVERED BY MEDICARE IN DEC22
MCRDE22X,COVERED BY MEDICARE IN DEC22 (ED)
MCREV22,EVER HAVE MEDICARE DURING 2022 (ED)
MCRFE22,COVERED BY MEDICARE IN FEB22
MCRFE22X,COVERED BY MEDICARE IN FEB22 (ED)
MCRJA22,COVERED BY MEDICARE IN JAN22
MCRJA22X,COVERED BY MEDICARE IN JAN22 (ED)
MCRJL22,COVERED BY MEDICARE IN JUL22
MCRJL22X,COVERED BY MEDICARE IN JUL22 (ED)
MCRJU22,COVERED BY MEDICARE IN JUN22
MCRJU22X,COVERED BY MEDICARE IN JUN22 (ED)
MCRMA22,COVERED BY MEDICARE IN MAR22
MCRMA22X,COVERED BY MEDICARE IN MAR22 (ED)
MCRMY22,COVERED BY MEDICARE IN MAY22
MCRMY22X,COVERED BY MEDICARE IN MAY22 (ED)
MCRNO22,COVERED BY MEDICARE IN NOV22
MCRNO22X,COVERED BY MEDICARE IN NOV22 (ED)
MCROC22,COVERED BY MEDICARE IN OCT22
MCROC22X,COVERED BY MEDICARE IN OCT22 (ED)
MCRPD22,COV BY MEDICARE PMED BENEFIT - 12/31/22
MCRPD22X,COV BY MCARE PMED BENEFIT-12/31/22 (ED)
MCRPD31,COV BY MEDICARE PMED BENEFIT - R3/1
MCRPD31X,COV BY MEDICARE PMED BENEFIT - R3/1 (ED)
MCRPD42,COV BY MEDICARE PMED BENEFIT - R4/2
MCRPD42X,COV BY MEDICARE PMED BENEFIT - R4/2 (ED)
MCRPHD22,"COV BY MEDICARE MNGED CARE DNTL BENEFIT
-12/31/22"
MCRPHO22,"COV BY MEDICARE MANAGED CARE/MEDICARE
ADVANTAGE - 12/31/22"
MCRPHO31,"COV BY MEDICARE MANAGED CARE/MEDICARE
ADVANTAGE - R3/1"
MCRPHO42,"COV BY MEDICARE MANAGED CARE/MEDICARE
ADVANTAGE - R4/2"
MCRSE22,COVERED BY MEDICARE IN SEP22
MCRSE22X,COVERED BY MEDICARE IN SEP22 (ED)
MESHGT42,DOCTOR EVER MEASURED HEIGHT (0-17)-R4/2
MESVIS42,DOCTOR CHECKED CHILD'S VISION (3-6)-R4/2
MESWGT42,DOCTOR EVER MEASURED WEIGHT (0-17)-R4/2
MIAGED,AGE OF DIAGNOSIS-HEART ATTACK(MI)
MIDX,HEART ATTACK (MI) DIAG (>17)
MILDIF31,DIFFICULTY WALKING A MILE - RD 3/1
MNHLTH31,PERCEIVED MENTAL HEALTH STATUS - RD 3/1
MNHLTH42,PERCEIVED MENTAL HEALTH STATUS - RD 4/2
MNHLTH53,PERCEIVED MENTAL HEALTH STATUS - RD 5/3
MOPID31X,PID OF PERSON'S MOM - RD 3/1
MOPID42X,PID OF PERSON'S MOM - RD 4/2
MOPID53X,PID OF PERSON'S MOM - RD 5/3
MORE31,RD 3/1 CMJ FIRM HAS MORE THAN 1 LOCATION
MORE31H,RD 3/1 CMJ FIRM MORE THAN 1 LOCATION (IMP)
MORE42,RD 4/2 CMJ FIRM HAS MORE THAN 1 LOCATION
MORE42H,RD 4/2 CMJ FIRM MORE THAN 1 LOCATION (IMP)
MORE53,RD 5/3 CMJ FIRM HAS MORE THAN 1 LOCATION
MORE53H,RD 5/3 CMJ FIRM MORE THAN 1 LOCATION (IMP)
MORECOVR,COV BY MOR COMPR PL PREV 2 YR-PN 27 ONLY
MORJOB31,HAS MORE THAN ONE JOB RD 3/1 INT DATE
MORJOB42,HAS MORE THAN ONE JOB RD 4/2 INT DATE
MORJOB53,HAS MORE THAN ONE JOB RD 5/3 INT DATE
NATAMP42,IS PROVIDER NATIVE AMERICAN-R4/2
NHRWG31,UPDATED HRLY WAGE RD 3/1 CMJ (EDITED)
NHRWG42,UPDATED HRLY WAGE RD 4/2 CMJ (EDITED)
NHRWG53,UPDATED HRLY WAGE RD 5/3 CMJ (EDITED)
NMEMP31H,NUMBER OF EMPLOYEES AT RD 3/1 CMJ (IMP)
NMEMP42H,NUMBER OF EMPLOYEES AT RD 4/2 CMJ (IMP)
NMEMP53H,NUMBER OF EMPLOYEES AT RD 5/3 CMJ (IMP)
NOSMOK42,DR ADVISE SMKG IN HOME IS BAD(0-17)-R4/2
NUMEMP31,NUMBER OF EMPLOYEES AT RD 3/1 CMJ
NUMEMP42,NUMBER OF EMPLOYEES AT RD 4/2 CMJ
NUMEMP53,NUMBER OF EMPLOYEES AT RD 5/3 CMJ
NWK31,REASON NOT WORKING DURING RD 3/1
NWK42,REASON NOT WORKING DURING RD 4/2
NWK53,REASON NOT WORKING DURING RD 5/3
OBDEXP22,TOTAL OFF-BASED DR EXP 22
OBDMCD22,DR OFFICE VISITS -MEDICAID AMT 22
OBDMCR22,DR OFFICE VISITS -MEDICARE AMT 22
OBDOFD22,DR OFFICE VISITS -OTHER FEDERAL AMT 22
OBDOSR22,DR OFF VSTS - OTH UNCLASS SRCE AMT 22
OBDOTH22,DR OFFICE VISITS -OTH COMBINED AMT 22
OBDPRV22,DR OFFICE VISITS -PRIVATE INS AMT 22
OBDPTR22,DR OFFICE VISITS -PRV & TRI AMT 22
OBDRV22,# OFFICE-BASED PHYSICIAN VISITS 2022
OBDSLF22,DR OFFICE VISITS -SELF/FAMILY AMT 22
OBDSTL22,DR OFFICE VISITS -OTH ST/LOCAL AMT 22
OBDTCH22,OFFICE-BASED PHYSICIAN VISIT CHARGES 22
OBDTRI22,DR OFFICE VISITS -TRICARE AMT 22
OBDVA22,DR OFFICE VISITS -VA/CHAMPVA AMT 22
OBDWCP22,DR OFFICE VISITS -WORKERS COMP AMT 22
OBTOTV22,# OFFICE-BASED PROVIDER VISITS 2022
OBVEXP22,TOTAL OFFICE-BASED EXP 22
OBVMCD22,ALL OFFICE VISITS -MEDICAID AMT 22
OBVMCR22,ALL OFFICE VISITS -MEDICARE AMT 22
OBVOFD22,ALL OFFICE VISITS-OTHER FEDERAL AMT 22
OBVOSR22,ALL OFF VSTS - OTH UNCLASS SRCE AMT 22
OBVOTH22,ALL OFFICE VISITS -OTH COMBINED AMT 22
OBVPRV22,ALL OFFICE VISITS -PRIVATE INS AMT 22
OBVPTR22,ALL OFFICE VISITS -PRV & TRI AMT 22
OBVSLF22,ALL OFFICE VISITS -SELF/FAMILY AMT 22
OBVSTL22,ALL OFFICE VISITS-OTH ST/LOCAL AMT 22
OBVTCH22,OFFICE-BASED PROVIDER VISIT CHARGES 22
OBVTRI22,ALL OFFICE VISITS-TRICARE AMT 22
OBVVA22,ALL OFFICE VISITS-VA/CHAMPVA AMT 22
OBVWCP22,ALL OFFICE VISITS -WORKERS COMP AMT 22
OCCCAT31,OCCUPATION GROUP RD 3/1 CMJ
OCCCAT42,OCCUPATION GROUP RD 4/2 CMJ
OCCCAT53,OCCUPATION GROUP RD 5/3 CMJ
OCCCT31H,OCCUPATION GROUP RD 3/1 CMJ (IMP)
OCCCT42H,OCCUPATION GROUP RD 4/2 CMJ (IMP)
OCCCT53H,OCCUPATION GROUP RD 5/3 CMJ (IMP)
OFEMP31H,EMP OFFERS HEALTH INS RD 3/1 CMJ (IMP)
OFEMP42H,EMP OFFERS HEALTH INS RD 4/2 CMJ (IMP)
OFEMP53H,EMP OFFERS HEALTH INS RD 5/3 CMJ (IMP)
OFFER31H,HEALTH INSUR OFFERED BY RD 3/1 CMJ (IMP)
OFFER31X,HEALTH INSUR OFFERED BY RD 3/1 CMJ (ED)
OFFER42H,HEALTH INSUR OFFERED BY RD 4/2 CMJ (IMP)
OFFER42X,HEALTH INSUR OFFERED BY RD 4/2 CMJ (ED)
OFFER53H,HEALTH INSUR OFFERED BY RD 5/3 CMJ (IMP)
OFFER53X,HEALTH INSUR OFFERED BY RD 5/3 CMJ (ED)
OFFHOU42,USC HAS OFFCE HRS NGHTS/WKENDS-R4/2
OFREMP31,EMPLOYER OFFERS HEALTH INS RD 3/1 CMJ
OFREMP42,EMPLOYER OFFERS HEALTH INS RD 4/2 CMJ
OFREMP53,EMPLOYER OFFERS HEALTH INS RD 5/3 CMJ
OFTSMK53,HOW OFTN SMOKE CIGARETTES (>17) - RD 5/3
OHRTAGED,AGE OF DIAGNOSIS-OTHER HEART DISEASE
OHRTDX,OTHER HEART DISEASE DIAG (>17)
OHRTTYPE,TYPE OF OTHER HEART DISEASE (>17)
OPDEXP22,TOTAL OUTPATIENT PROVIDER EXP 22
OPDMCD22,ALL OPD VISITS-MEDICAID AMT -DR 22
OPDMCR22,ALL OPD VISITS-MEDICARE AMT -DR 22
OPDOFD22,ALL OPD VISITS-OTHER FED AMT-DR 22
OPDOSR22,ALL OPD VSTS-OTH UNCLASS SRCE AMT-DR 22
OPDOTH22,ALL OPD VISITS -OTH COMBINED AMT-DR 22
OPDPRV22,ALL OPD VISITS-PRIV INS AMT-DR 22
OPDPTR22,ALL OPD VISITS -PRV & TRI AMT -DR 22
OPDRV22,# OUTPATIENT DEPT PHYSICIAN VISITS 2022
OPDSLF22,ALL OPD VISITS-SELF/FAMILY AMT-DR 22
OPDSTL22,ALL OPD VISITS-OTH ST/LOCAL AMT-DR 22
OPDTCH22,OPD PROVIDER VISIT CHARGES - DR 22
OPDTRI22,ALL OPD VISITS-TRICARE AMT-DR 22
OPDVA22,ALL OPD VISITS-VA/CHAMPVA AMT-DR 22
OPDWCP22,ALL OPD VISITS-WORKERS COMP AMT-DR 22
OPFEXP22,TOTAL OUTPATIENT FACILITY EXP 22
OPFMCD22,ALL OPD VISITS-MEDICAID AMT-FAC 22
OPFMCR22,ALL OPD VISITS-MEDICARE AMT-FAC 22
OPFOFD22,ALL OPD VISITS-OTHER FED AMT-FAC 22
OPFOSR22,ALL OPD VSTS-OTH UNCLASS SRCE AMT-FAC 22
OPFOTH22,ALL OPD VISITS -OTH COMBINED AMT-FAC 22
OPFPRV22,ALL OPD VISITS-PRIV INS AMT-FAC 22
OPFPTR22,ALL OPD VISITS -PRV & TRI AMT-FAC 22
OPFSLF22,ALL OPD VISITS-SELF/FAMILY AMT-FAC 22
OPFSTL22,ALL OPD VISITS-OTH ST/LOCAL AMT-FAC 22
OPFTCH22,OPD PROVIDER VISIT CHARGES - FAC 22
OPFTRI22,ALL OPD VISITS-TRICARE AMT-FAC 22
OPFVA22,ALL OPD VISITS-VA/CHAMPVA AMT-FAC 22
OPFWCP22,ALL OPD VISITS-WORKERS COMP AMT-FAC 22
OPSEXP22,TOTAL OUTPATIENT PHYSICIAN - DR EXP 22
OPSMCD22,OPD DR VISITS-MEDICAID AMT-DR 22
OPSMCR22,OPD DR VISITS-MEDICARE AMT-DR 22
OPSOFD22,OPD DR VISITS-OTHER FED AMT-DR 22
OPSOSR22,OPD DR VSTS-OTH UNCLASS SRCE AMT-DR 22
OPSOTH22,OPD DR VISITS -OTH COMBINED AMT-DR 22
OPSPRV22,OPD DR VISITS-PRIV INS AMT-DR 22
OPSPTR22,OPD DR VISITS -PRV & TRI AMT-DR 22
OPSSLF22,OPD DR VISITS-SELF/FAMILY AMT-DR 22
OPSSTL22,OPD DR VISITS-OTH ST/LOCAL AMT-DR 22
OPSTCH22,OPD PHYSICIAN VISIT CHARGES - DR 22
OPSTRI22,OPD DR VISITS-TRICARE AMT-DR 22
OPSVA22,OPD DR VISITS-VA/CHAMPVA AMT-DR 22
OPSWCP22,OPD DR VISITS-WORKERS COMP AMT-DR 22
OPTEXP22,TOTAL OUTPATIENT FAC + DR EXP 22
OPTMCD22,ALL OPD VSTS-MEDICAID AMT-(FAC+DR) 22
OPTMCR22,ALL OPD VSTS-MEDICARE AMT-(FAC+DR) 22
OPTOFD22,ALL OPD VSTS-OTHER FED AMT-(FAC+DR) 22
OPTOSR22,ALL OPD VSTS-OTH UNCLS SRC AMT-(FAC+DR) 22
OPTOTH22,ALL OPD VISITS-OTH COMBINED AMT(FAC+DR) 22
OPTOTV22,# OUTPATIENT DEPT PROVIDER VISITS 2022
OPTPRV22,ALL OPD VSTS-PRIV INS AMT-(FAC+DR) 22
OPTPTR22,ALL OPD VISITS -PRV & TRI AMT (FAC+DR) 22
OPTSLF22,ALL OPD VSTS-SELF/FAMILY AMT-(FAC+DR) 22
OPTSTL22,ALL OPD VSTS-OTH ST/LOCAL AMT-(FAC+DR) 22
OPTTCH22,OPD FACILITY + DR VISIT CHARGES - 22
OPTTRI22,ALL OPD VSTS-TRICARE AMT-(FAC+DR) 22
OPTVA22,ALL OPD VSTS-VA/CHAMPVA AMT-(FAC+DR) 22
OPTWCP22,ALL OPD VSTS-WORKERS COMP AMT-(FAC+DR) 22
OPVEXP22,TOTAL OUTPATIENT PHYSICIAN - FAC EXP 22
OPVMCD22,OPD DR VISITS-MEDICAID AMT-FAC 22
OPVMCR22,OPD DR VISITS-MEDICARE AMT-FAC 22
OPVOFD22,OPD DR VISITS-OTHER FED AMT-FAC 22
OPVOSR22,OPD DR VSTS-OTH UNCLASS SRCE AMT-FAC 22
OPVOTH22,OPD DR VISITS -OTH COMBINED AMT-FAC 22
OPVPRV22,OPD DR VISITS-PRIV INS AMT-FAC 22
OPVPTR22,OPD DR VISITS -PRV & TRI AMT-FAC 22
OPVSLF22,OPD DR VISITS-SELF/FAMILY AMT-FAC 22
OPVSTL22,OPD DR VISITS-OTH ST/LOCAL AMT-FAC 22
OPVTCH22,OPD PHYSICIAN VISIT CHARGES - FAC 22
OPVTRI22,OPD DR VISITS-TRICARE AMT-FAC 22
OPVVA22,OPD DR VISITS-VA/CHAMPVA AMT-FAC 22
OPVWCP22,OPD DR VISITS-WORKERS COMP AMT-FAC 22
OTHDYS22,MISS ANY WORK DAY TO CARE FOR OTH 2022
OTHEXP22,TOT OTHER EQUIP/SPLY (EXCL DIAB) EXP 22
OTHIMP22,OTHER INCOME IMPUTATION FLAG
OTHLGSPK,SPEAK OTHER LANGUAGE AT HOME
OTHMCD22,OTHER EQUP/SUPPLIES-MEDICAID AMT 22
OTHMCR22,OTHER EQUP/SUPPLIES-MEDICARE AMT 22
OTHNDD22,# DAY MISSED WORK TO CARE FOR OTH 2022
OTHOFD22,OTHER EQUP/SUPPLIES-OTHR FEDRL AMT 22
OTHOSR22,OTH EQUP/SUPLY -OT UNCLASS SRCE AMT 22
OTHOTH22,OTHER EQUP/SUPPLY -OTH COMBINED AMT 22
OTHPRV22,OTHER EQUP/SUPPLIES-PRIV INS AMT 22
OTHPTR22,OTHER EQUP/SUPPLY -PRV & TRI AMT 22
OTHRCP42,IS PROVIDER SOME OTHER RACE-R4/2
OTHRP22X,PERSON'S OTHER INCOME
OTHSLF22,OTHER EQUP/SUPPLIES -SELF/FAM AMT 22
OTHSTL22,OTHER EQUP/SUPPLY-OTHR ST/LOCAL AMT 22
OTHTCH22,OTHER EQUP/SUPPLIES CHARGES 22
OTHTRI22,OTHER EQUP/SUPPLY-TRICARE AMT 22
OTHVA22,OTHER EQUP/SUPPLY-VA/CHAMPVA AMT 22
OTHWCP22,OTHER EQUP/SUPPLY -WORKERS COMP AMT 22
PACISP42,IS PROVIDER OTH PACIFIC ISLNDR-R4/2
PANEL,PANEL NUMBER
PAYDR31,PAID LEAVE TO VISIT DR RD 3/1 CMJ
PAYDR31H,PAID LEAVE TO VISIT DR RD 3/1 CMJ (IMP)
PAYDR42,PAID LEAVE TO VISIT DR RD 4/2 CMJ
PAYDR42H,PAID LEAVE TO VISIT DR RD 4/2 CMJ (IMP)
PAYDR53,PAID LEAVE TO VISIT DR RD 5/3 CMJ
PAYDR53H,PAID LEAVE TO VISIT DR RD 5/3 CMJ (IMP)
PAYVAC31,PAID VACATION AT RD 3/1 CMJ
PAYVAC42,PAID VACATION AT RD 4/2 CMJ
PAYVAC53,PAID VACATION AT RD 5/3 CMJ
PDKAP22,COVR BY PRIV INS (SOURCE UNKNWN) APR22
PDKAU22,COVR BY PRIV INS (SOURCE UNKNWN) AUG22
PDKDE22,COVR BY PRIV INS (SOURCE UNKNWN) DEC22
PDKFE22,COVR BY PRIV INS (SOURCE UNKNWN) FEB22
PDKJA22,COVR BY PRIV INS (SOURCE UNKNWN) JAN22
PDKJL22,COVR BY PRIV INS (SOURCE UNKNWN) JUL22
PDKJU22,COVR BY PRIV INS (SOURCE UNKNWN) JUN22
PDKMA22,COVR BY PRIV INS (SOURCE UNKNWN) MAR22
PDKMY22,COVR BY PRIV INS (SOURCE UNKNWN) MAY22
PDKNO22,COVR BY PRIV INS (SOURCE UNKNWN) NOV22
PDKOC22,COVR BY PRIV INS (SOURCE UNKNWN) OCT22
PDKSE22,COVR BY PRIV INS (SOURCE UNKNWN) SEP22
PEGAP22,COVERED BY EMPL UNION INS IN APR22
PEGAU22,COVERED BY EMPL UNION INS IN AUG22
PEGDE22,COVERED BY EMPL UNION INS IN DEC22
PEGFE22,COVERED BY EMPL UNION INS IN FEB22
PEGJA22,COVERED BY EMPL UNION INS IN JAN22
PEGJL22,COVERED BY EMPL UNION INS IN JUL22
PEGJU22,COVERED BY EMPL UNION INS IN JUN22
PEGMA22,COVERED BY EMPL UNION INS IN MAR22
PEGMY22,COVERED BY EMPL UNION INS IN MAY22
PEGNO22,COVERED BY EMPL UNION INS IN NOV22
PEGOC22,COVERED BY EMPL UNION INS IN OCT22
PEGSE22,COVERED BY EMPL UNION INS IN SEP22
PENIMP22,PENSION INCOME IMPUTATION FLAG
PENSP22X,PERSON'S PENSION INCOME
PERWT22F,"FINAL PERSON WEIGHT, 2022"
PFSAMT31,PERSON-LEVEL FSA TOTAL AMOUNT - R3/1
PHNREG42,HOW DIFF CONTACT USC BY PHONE-R4/2
PHQ242,SAQ 2 WKS: OVERALL RATING OF FEELINGS
PHYEXE53,MOD/VIG PHYS EXEC 5X WK (>17) - RD 5/3
PHYSCL42,DR ADVISE EXERCISE (2-17)-R4/2
PID,PERSON NUMBER PORTION OF PERSID
PLCTYP42,USC TYPE OF PLACE-R4/2
PMDINS22,PMED INS - R5/R3 UNTIL 12/31/22
PMDINS31,PMED INS - RD 3/1 IN 2022
PMEDIN31,PMED INS - ANY TIME IN RD 3/1
PMEDIN42,PMEDINS - ANY TIME IN RD 4/2
PMEDIN53,PMEDINS - ANY TIME IN RD 5/3
PMEDPY31,USUAL 3RD PARTY PAYER FOR PMEDS - R3/1
PMEDPY42,USUAL 3RD PARTY PAYER FOR PMEDS - R4/2
PMEDPY53,USUAL 3RD PARTY PAYER FOR PMEDS - R5/3
PMEDUP31,HAS USUAL 3RD PARTY PAYER FOR PMEDS-R3/1
PMEDUP42,HAS USUAL 3RD PARTY PAYER FOR PMEDS-R4/2
PMEDUP53,HAS USUAL 3RD PARTY PAYER FOR PMEDS-R5/3
PNEAP22,"COV BY NON-ESI, PHLDR OUTSIDE RU IN APR22"
PNEAU22,"COV BY NON-ESI, PHLDR OUTSIDE RU IN AUG22"
PNEDE22,"COV BY NON-ESI, PHLDR OUTSIDE RU IN DEC22"
PNEFE22,"COV BY NON-ESI, PHLDR OUTSIDE RU IN FEB22"
PNEJA22,"COV BY NON-ESI, PHLDR OUTSIDE RU IN JAN22"
PNEJL22,"COV BY NON-ESI, PHLDR OUTSIDE RU IN JUL22"
PNEJU22,"COV BY NON-ESI, PHLDR OUTSIDE RU IN JUN22"
PNEMA22,"COV BY NON-ESI, PHLDR OUTSIDE RU IN MAR22"
PNEMY22,"COV BY NON-ESI, PHLDR OUTSIDE RU IN MAY22"
PNENO22,"COV BY NON-ESI, PHLDR OUTSIDE RU IN NOV22"
PNEOC22,"COV BY NON-ESI, PHLDR OUTSIDE RU IN OCT22"
PNESE22,"COV BY NON-ESI, PHLDR OUTSIDE RU IN SEP22"
PNGAP22,COVERED BY NONGROUP INS IN APR22
PNGAU22,COVERED BY NONGROUP INS IN AUG22
PNGDE22,COVERED BY NONGROUP INS IN DEC22
PNGFE22,COVERED BY NONGROUP INS IN FEB22
PNGJA22,COVERED BY NONGROUP INS IN JAN22
PNGJL22,COVERED BY NONGROUP INS IN JUL22
PNGJU22,COVERED BY NONGROUP INS IN JUN22
PNGMA22,COVERED BY NONGROUP INS IN MAR22
PNGMY22,COVERED BY NONGROUP INS IN MAY22
PNGNO22,COVERED BY NONGROUP INS IN NOV22
PNGOC22,COVERED BY NONGROUP INS IN OCT22
PNGSE22,COVERED BY NONGROUP INS IN SEP22
POEAP22,"COV BY ESI, PHOLDER OUTSIDE RU IN APR22"
POEAU22,"COV BY ESI, PHOLDER OUTSIDE RU IN AUG22"
POEDE22,"COV BY ESI, PHOLDER OUTSIDE RU IN DEC22"
POEFE22,"COV BY ESI, PHOLDER OUTSIDE RU IN FEB22"
POEJA22,"COV BY ESI, PHOLDER OUTSIDE RU IN JAN22"
POEJL22,"COV BY ESI, PHOLDER OUTSIDE RU IN JUL22"
POEJU22,"COV BY ESI, PHOLDER OUTSIDE RU IN JUN22"
POEMA22,"COV BY ESI, PHOLDER OUTSIDE RU IN MAR22"
POEMY22,"COV BY ESI, PHOLDER OUTSIDE RU IN MAY22"
POENO22,"COV BY ESI, PHOLDER OUTSIDE RU IN NOV22"
POEOC22,"COV BY ESI, PHOLDER OUTSIDE RU IN OCT22"
POESE22,"COV BY ESI, PHOLDER OUTSIDE RU IN SEP22"
POGAP22,COVERED BY OTHER GROUP INS IN APR22
POGAU22,COVERED BY OTHER GROUP INS IN AUG22
POGDE22,COVERED BY OTHER GROUP INS IN DEC22
POGFE22,COVERED BY OTHER GROUP INS IN FEB22
POGJA22,COVERED BY OTHER GROUP INS IN JAN22
POGJL22,COVERED BY OTHER GROUP INS IN JUL22
POGJU22,COVERED BY OTHER GROUP INS IN JUN22
POGMA22,COVERED BY OTHER GROUP INS IN MAR22
POGMY22,COVERED BY OTHER GROUP INS IN MAY22
POGNO22,COVERED BY OTHER GROUP INS IN NOV22
POGOC22,COVERED BY OTHER GROUP INS IN OCT22
POGSE22,COVERED BY OTHER GROUP INS IN SEP22
POVCAT22,FAMILY INC AS % OF POVERTY LINE - CATEGORICAL
POVLEV22,FAMILY INC AS % OF POVERTY LINE - CONTINUOUS
PRACTP42,PROVIDER OWN/GROUP PRACTICE-R4/2
PREVCOVR,PER COV BY INS IN PREV 2 YRS-PNL 27 ONLY
PRIAP22,COVERED BY PRIVATE INS IN APR22
PRIAU22,COVERED BY PRIVATE INS IN AUG22
PRIDE22,COVERED BY PRIVATE INS IN DEC22
PRIDK22,COV BY PRIV INS (DK PLAN) - 12/31/22
PRIDK31,COV BY PRIV INS (DK PLAN) - R3/1 INT
PRIDK42,COV BY PRIV INS (DK PLAN) - R4/2 INT
PRIDK53,COV BY PRIV INS (DK PLAN) 12-31/R3 INT
PRIEU22,COV BY EMPL/UNION GRP INS - 12/31/22
PRIEU31,COV BY EMPL/UNION GRP INS - R3/1 INT DT
PRIEU42,COV BY EMPL/UNION GRP INS - R4/2 INT DT
PRIEU53,COV BY EMPL/UNION GRP INS 12-31/R3 INT
PRIEUO22,"COV BY ESI, PHOLDR OUTSIDE RU - 12/31/22"
PRIEUO31,"COV BY ESI, PHOLDR OUTSIDE RU - R3/1 INT"
PRIEUO42,"COV BY ESI, PHOLDR OUTSIDE RU - R4/2 INT"
PRIEUO53,"CV BY ESI, PHLDR OUTSIDE RU 12-31/R3 INT"
PRIFE22,COVERED BY PRIVATE INS IN FEB22
PRIJA22,COVERED BY PRIVATE INS IN JAN22
PRIJL22,COVERED BY PRIVATE INS IN JUL22
PRIJU22,COVERED BY PRIVATE INS IN JUN22
PRIMA22,COVERED BY PRIVATE INS IN MAR22
PRIMY22,COVERED BY PRIVATE INS IN MAY22
PRINEO22,"COV BY NON-ESI, PHOLDR OUT RU - 12/31/22"
PRINEO31,"COV BY NON-ESI, PHOLDR OUT RU - R3/1 INT DT"
PRINEO42,"COV BY NON-ESI, PHOLDR OUT RU - R4/2 INT DT"
PRINEO53,"COV BY NON-ESI, PHOLDR OUT RU 12-31/R3 INT DT"
PRING22,COV BY NON-GROUP INS - 12/31/22
PRING31,COV BY NON-GROUP INS - R3/1 INT DT
PRING42,COV BY NON-GROUP INS - R4/2 INT DT
PRING53,COV BY NON-GROUP INS 12-31/R3 INT DT
PRINO22,COVERED BY PRIVATE INS IN NOV22
PRIOC22,COVERED BY PRIVATE INS IN OCT22
PRIOG22,COV BY OTHER GROUP INS - 12/31/22
PRIOG31,COV BY OTHER GROUP INS - R3/1 INT DT
PRIOG42,COV BY OTHER GROUP INS - R4/2 INT DT
PRIOG53,COV BY OTHER GROUP INS 12-31/R3 INT DT
PRISE22,COVERED BY PRIVATE INS IN SEP22
PRIV22,COV BY PRIV HLTH INS - 12/31/22
PRIV31,COV BY PRIV HLTH INS - R3/1 INT DATE
PRIV42,COV BY PRIV HLTH INS - R4/2 INT DATE
PRIV53,COV BY PRIV HLTH INS 12-31/R3 INT DATE
PRIVAT22,COV BY PRIVATE INS - R5/3 UNTIL 12/31/22
PRIVAT31,COV BY PRIVATE INS - ANY TIME IN R3/1
PRIVAT42,COV BY PRIVATE INS - ANY TIME IN R4/2
PRIVAT53,COV BY PRIVATE INS - ANY TIME IN R5/3
PROBPY42,FAMILY HAVING PROB PAYING MEDICAL BILLS
PROVTY42_M18,PROVIDER TYPE-R4/2
PROXY22,WAS RESPONDENT A PROXY AS OF 12/31/22
PROXY31,WAS RESPONDENT A PROXY IN R3/1
PROXY42,WAS RESPONDENT A PROXY IN R4/2
PROXY53,WAS RESPONDENT A PROXY IN R5/3
PRSTX22,PRIV EXCHANGE INSURANCE ON 12/31/22
PRSTX31,COV BY PRIV EXCHANGE INS -R3/1 INT DT
PRSTX42,COV BY PRIV EXCHANGE INS -R4/2 INT DT
PRSTX53,PRIV EXCHANGE INS ON 12-31 R5/R3 INT DT
PRVEV22,EVER HAVE PRIVATE INSURANCE DURING 2022
PRVHMO22,COVERED BY PRIVATE HMO-R5/3 TIL 12/31/22
PRVHMO31,COVERED BY PRIVATE HMO-ANY TIME IN R3/1
PRVHMO42,COVERED BY PRIVATE HMO-ANY TIME IN R4/2
PRVSPK42,PROV SPEAKS PERSON'S LANGUAGE-R4/2
PRXAP22,COV BY PRIV INS THROUGH EXCHNG IN APR22
PRXAU22,COV BY PRIV INS THROUGH EXCHNG IN AUG22
PRXDE22,COV BY PRIV INS THROUGH EXCHNG IN DEC22
PRXFE22,COV BY PRIV INS THROUGH EXCHNG IN FEB22
PRXJA22,COV BY PRIV INS THROUGH EXCHNG IN JAN22
PRXJL22,COV BY PRIV INS THROUGH EXCHNG IN JUL22
PRXJU22,COV BY PRIV INS THROUGH EXCHNG IN JUN22
PRXMA22,COV BY PRIV INS THROUGH EXCHNG IN MAR22
PRXMY22,COV BY PRIV INS THROUGH EXCHNG IN MAY22
PRXNO22,COV BY PRIV INS THROUGH EXCHNG IN NOV22
PRXOC22,COV BY PRIV INS THROUGH EXCHNG IN OCT22
PRXSE22,COV BY PRIV INS THROUGH EXCHNG IN SEP22
PSTATS31,PERSON DISPOSITION STATUS - R3/1
PSTATS42,PERSON DISPOSITION STATUS - R4/2
PSTATS53,PERSON DISPOSITION STATUS - R5/3
PUB22X,COV BY PUBLIC INS - 12/31/22 (ED)
PUB31X,COV BY PUBLIC INS - R3/1 INT DT (ED)
PUB42X,COV BY PUBLIC INS - R4/2 INT DT (ED)
PUB53X,COV BY PUBLIC INS 12-31/R3 INT DT (ED)
PUBAP22X,COVR BY ANY PUBLIC INS IN APR22
PUBAT22X,COV BY PUBLIC - R5/3 UNTIL 12/31/22
PUBAT31X,COV BY PUBLIC - ANY TIME IN R3/1
PUBAT42X,COV BY PUBLIC - ANY TIME IN R4/2
PUBAT53X,COV BY PUBLIC - ANY TIME IN R5/3
PUBAU22X,COVR BY ANY PUBLIC INS IN AUG22
PUBDE22X,COVR BY ANY PUBLIC INS IN DEC22
PUBFE22X,COVR BY ANY PUBLIC INS IN FEB22
PUBIMP22,PUBLIC ASSISTANCE IMPUTATION FLAG
PUBJA22X,COVR BY ANY PUBLIC INS IN JAN22
PUBJL22X,COVR BY ANY PUBLIC INS IN JUL22
PUBJU22X,COVR BY ANY PUBLIC INS IN JUN22
PUBMA22X,COVR BY ANY PUBLIC INS IN MAR22
PUBMY22X,COVR BY ANY PUBLIC INS IN MAY22
PUBNO22X,COVR BY ANY PUBLIC INS IN NOV22
PUBOC22X,COVR BY ANY PUBLIC INS IN OCT22
PUBP22X,PERSON'S PUBLIC ASSISTANCE
PUBSE22X,COVR BY ANY PUBLIC INS IN SEP22
PYUNBL42,UNABLE TO PAY FAMILY MEDICAL BILLS
PYVAC31H,PAID VACATION AT RD 3/1 CMJ (IMP)
PYVAC42H,PAID VACATION AT RD 4/2 CMJ (IMP)
PYVAC53H,PAID VACATION AT RD 5/3 CMJ (IMP)
RACEAX,ASIAN AMONG RACES RPTD (EDITED/IMPUTED)
RACEBX,BLACK AMONG RACES RPTD (EDITED/IMPUTED)
RACETHX,RACE/ETHNICITY (EDITED/IMPUTED)
RACEV1X,RACE (EDITED/IMPUTED)
RACEV2X,RACE (EDITED/IMPUTED)
RACEWX,WHITE AMONG RACES RPTD (EDITED/IMPUTED)
RCHDIF31,DIFFICULTY REACHING OVERHEAD - RD 3/1
REFPRS22,REFERENCE PERSON AS OF 12/31/22
REFPRS31,REFERENCE PERSON AT - R3/1
REFPRS42,REFERENCE PERSON AT - R4/2
REFPRS53,REFERENCE PERSON AT - R5/3
REFRL22X,RELATION TO REF PERS-12/31/22 (EDIT/IMP)
REFRL31X,RELATION TO REF PERS- R3/1 (EDIT/IMP)
REFRL42X,RELATION TO REF PERS- R4/2 (EDIT/IMP)
REFRL53X,RELATION TO REF PERS- R5/3 (EDIT/IMP)
REGION22,CENSUS REGION AS OF 12/31/22
REGION31,CENSUS REGION - R3/1
REGION42,CENSUS REGION - R4/2
REGION53,CENSUS REGION - R5/3
RESP22,1ST RESPONDENT INDICATOR AS OF 12/31/22
RESP31,1ST RESPONDENT INDICATOR FOR R3/1
RESP42,1ST RESPONDENT INDICATOR FOR R4/2
RESP53,1ST RESPONDENT INDICATOR FOR R5/3
RETPLN31,PENSION PLAN AT RD 3/1 CMJ
RETPLN42,PENSION PLAN AT RD 4/2 CMJ
RETPLN53,PENSION PLAN AT RD 5/3 CMJ
RNDFLG31,DATA COLLECTION ROUND FOR RD 3/1 CMJ
RTHLTH31,PERCEIVED HEALTH STATUS - RD 3/1
RTHLTH42,PERCEIVED HEALTH STATUS - RD 4/2
RTHLTH53,PERCEIVED HEALTH STATUS - RD 5/3
RTPLN31H,PENSION PLAN AT RD 3/1 CMJ (IMP)
RTPLN42H,PENSION PLAN AT RD 4/2 CMJ (IMP)
RTPLN53H,PENSION PLAN AT RD 5/3 CMJ (IMP)
RUCLAS22,RU FIELDED AS:STANDARD/NEW/STUD-12/31/22
RUCLAS31,RU FIELDED AS:STANDARD/NEW/STUDENT-R3/1
RUCLAS42,RU FIELDED AS:STANDARD/NEW/STUDENT-R4/2
RUCLAS53,RU FIELDED AS:STANDARD/NEW/STUDENT-R5/3
RULETR22,RU LETTER AS OF 12/31/22
RULETR31,RU LETTER - R3/1
RULETR42,RU LETTER - R4/2
RULETR53,RU LETTER - R5/3
RURSLT31,RU RESULT - R3/1
RURSLT42,RU RESULT - R4/2
RURSLT53,RU RESULT - R5/3
RUSIZE22,RU SIZE AS OF 12/31/22
RUSIZE31,RU SIZE - R3/1
RUSIZE42,RU SIZE - R4/2
RUSIZE53,RU SIZE - R5/3
RXEXP22,TOTAL RX-EXP 22
RXMCD22,TOTAL RX-MEDICAID AMT 22
RXMCR22,TOTAL RX-MEDICARE AMT 22
RXOFD22,TOTAL RX-OTHER FED AMT 22
RXOSR22,TOT RX-OTH UNCLASS SRCE AMT 22
RXOTH22,TOTAL RX-OTH COMBINED AMT 22
RXPRV22,TOTAL RX-PRIVATE INS AMT 22
RXPTR22,TOTAL RX-PRV & TRI AMT 22
RXSLF22,TOTAL RX-SELF/FAMILY AMT 22
RXSTL22,TOTAL RX-OTHER ST/LOCAL AMT 22
RXTOT22,# PRESC MEDS INCL REFILLS 22
RXTRI22,TOTAL RX-TRICARE AMT 22
RXVA22,TOTAL RX-VA/CHAMPVA AMT 22
RXWCP22,TOTAL RX-WORKERS COMP AMT 22
SAFEST42,DR ADVISE CHLD SAFETY SEAT (WT<=40)-R4/2
SALEP22X,PERSON'S SALES INCOME
SALIMP22,SALES INCOME IMPUTATION FLAG
SAQELIG,ELIGIBILITY STATUS FOR SAQ
SAQWT22F,"FINAL SAQ PERSON WEIGHT, 2022"
SCHLIM31,SCHOOL LIMITATION - RD 3/1
SCPAY31H,PAID SICK LEAVE AT RD 3/1 CMJ (IMP)
SCPAY42H,PAID SICK LEAVE AT RD 4/2 CMJ (IMP)
SCPAY53H,PAID SICK LEAVE AT RD 5/3 CMJ (IMP)
SELFCM31,SELF-EMPLOYED AT RD 3/1 CMJ
SELFCM42,SELF-EMPLOYED AT RD 4/2 CMJ
SELFCM53,SELF-EMPLOYED AT RD 5/3 CMJ
SEX,SEX
SICPAY31,PAID SICK LEAVE AT RD 3/1 CMJ
SICPAY42,PAID SICK LEAVE AT RD 4/2 CMJ
SICPAY53,PAID SICK LEAVE AT RD 5/3 CMJ
SLFCM31H,SELF-EMPLOYED AT RD 3/1 CMJ (IMP)
SLFCM42H,SELF-EMPLOYED AT RD 4/2 CMJ (IMP)
SLFCM53H,SELF-EMPLOYED AT RD 5/3 CMJ (IMP)
SOCLIM31,SOCIAL LIMITATIONS - RD 3/1
SPOUID22,SPOUSE ID - 12/31/22
SPOUID31,SPOUSE ID - R3/1
SPOUID42,SPOUSE ID - R4/2
SPOUID53,SPOUSE ID - R5/3
SPOUIN22,MARITAL STATUS W/SPOUSE PRESENT-12/31/22
SPOUIN31,MARITAL STATUS W/SPOUSE PRESENT-R3/1
SPOUIN42,MARITAL STATUS W/SPOUSE PRESENT-R4/2
SPOUIN53,MARITAL STATUS W/SPOUSE PRESENT-R5/3
SSCIMP22,SOCIAL SECURITY INCOME IMPUTATION FLAG
SSECP22X,PERSON'S SOCIAL SECURITY INCOME
SSIIMP22,SSI IMPUTATION FLAG
SSIP22X,PERSON'S SSI
SSNLJB31,IS CMJ A SEASONAL JOB RD 3/1
SSNLJB42,IS CMJ A SEASONAL JOB RD 4/2
SSNLJB53,IS CMJ A SEASONAL JOB RD 5/3
STJBMM31,MONTH STARTED RD 3/1 CMJ
STJBMM42,MONTH STARTED RD 4/2 CMJ
STJBMM53,MONTH STARTED RD 5/3 CMJ
STJBYY31,YEAR STARTED RD 3/1 CMJ
STJBYY42,YEAR STARTED RD 4/2 CMJ
STJBYY53,YEAR STARTED RD 5/3 CMJ
STNDIF31,DIFFICULTY STANDING 20 MINUTES - RD 3/1
STPDIF31,DIFFICULTY WALKING UP 10 STEPS - RD 3/1
STRKAGED,AGE OF DIAGNOSIS-STROKE
STRKDX,STROKE DIAGNOSIS (>17)
TAXFRM22,TAX FORM PERSON WILL FILE
TEMPJB31,IS CMJ A TEMPORARY JOB RD 3/1
TEMPJB42,IS CMJ A TEMPORARY JOB RD 4/2
TEMPJB53,IS CMJ A TEMPORARY JOB RD 5/3
TIMALN42,DOCTOR SPEND ANY TIME ALONE (12-17)-R4/2
TMTKUS42,HOW LONG IT TAKES GET TO USC-R4/2
TOTEXP22,TOTAL HEALTH CARE EXP 22
TOTMCD22,TOTAL AMT PAID BY MEDICAID 22
TOTMCR22,TOTAL AMT PAID BY MEDICARE 22
TOTOFD22,TOTAL AMT PAID BY OTHER FEDERAL 22
TOTOSR22,TOTAL AMT PAID BY OTHER SOURCES 22
TOTOTH22,TOTAL AMT PAID BY OTH COMBINED 22
TOTPRV22,TOTAL AMT PAID BY PRIVATE INS 22
TOTPTR22,TOTAL AMT PAID BY PRV & TRI 22
TOTSLF22,TOTAL AMT PAID BY SELF/FAMILY 22
TOTSTL22,TOTAL AMT PAID BY OTH ST/LOCAL 22
TOTTCH22,"TOTAL HEALTH CARE CHARGES 22, EXCL RX"
TOTTRI22,TOTAL AMT PAID BY TRICARE 22
TOTVA22,TOTAL AMT PAID BY VA/CHAMPVA 22
TOTWCP22,TOTAL AMT PAID BY WORKERS COMP 22
TREATM42,PROV ASK ABOUT OTH TREATMENTS-R4/2
TRI22X,COV BY TRICARE - R5/3 TIL 12/31/22
TRI31X,COV BY TRICARE - ANY TIME IN R3/1
TRI42X,COV BY TRICARE - ANY TIME IN R4/2
TRIAP22X,COVERED BY TRICARE/CHAMPVA IN APR22(ED)
TRIAT22X,COV TRICARE/CHAMPVA-R5/3 UNTIL 12/31/22
TRIAT31X,COV TRICARE/CHAMPVA - ANY TIME IN R3/1
TRIAT42X,COV TRICARE/CHAMPVA - ANY TIME IN R4/2
TRIAT53X,COV TRICARE/CHAMPVA - ANY TIME IN R5/3
TRIAU22X,COVERED BY TRICARE/CHAMPVA IN AUG22 (ED)
TRICH22X,COVERED BY CHAMPVA - R5/3 UNTIL 12/31/22
TRICH31X,COVERED BY CHAMPVA - ANY TIME IN R3/1
TRICH42X,COVERED BY CHAMPVA - ANY TIME IN R4/2
TRICR22X,COV BY TRICR/CHAMV - 12/31/22 (ED)
TRICR31X,COV BY TRICR/CHAMV - R3/1 INT DT (ED)
TRICR42X,COV BY TRICR/CHAMV - R4/2 INT DT (ED)
TRICR53X,COV BY TRICR/CHAMV 12-31/R3 INT DT (ED)
TRIDE22X,COVERED BY TRICARE/CHAMPVA IN DEC22 (ED)
TRIEV22,EVER HAVE TRICARE/CHAMPVA DURING 2022
TRIFE22X,COVERED BY TRICARE/CHAMPVA IN FEB22 (ED)
TRIJA22X,COVERED BY TRICARE/CHAMPVA IN JAN22 (ED)
TRIJL22X,COVERED BY TRICARE/CHAMPVA IN JUL22 (ED)
TRIJU22X,COVERED BY TRICARE/CHAMPVA IN JUN22 (ED)
TRIMA22X,COVERED BY TRICARE/CHAMPVA IN MAR22 (ED)
TRIMY22X,COVERED BY TRICARE/CHAMPVA IN MAY22 (ED)
TRINO22X,COVERED BY TRICARE/CHAMPVA IN NOV22 (ED)
TRIOC22X,COVERED BY TRICARE/CHAMPVA IN OCT22 (ED)
TRISE22X,COVERED BY TRICARE/CHAMPVA IN SEP22 (ED)
TRSTP22X,PERSON'S TRUST/RENT INCOME
TRTIMP22,TRUST INCOME IMPUTATION FLAG
TTLP22X,PERSON'S TOTAL INCOME
TYPEPE42,USC TYPE OF PROVIDER-R4/2
UNABLE31,COMPLETELY UNABLE TO DO ACTIVITY - RD 3/1
UNEIMP22,UNEMPLOYMENT IMPUTATION FLAG
UNEMP22X,PERSON'S UNEMPLOYMENT COMP INCOME
UNINS22,UNINSURED ALL OF 2022
UNION31,UNION STATUS AT RD 3/1 CMJ
UNION31H,UNION STATUS AT RD 3/1 CMJ (IMP)
UNION42,UNION STATUS AT RD 4/2 CMJ
UNION42H,UNION STATUS AT RD 4/2 CMJ (IMP)
UNION53,UNION STATUS AT RD 5/3 CMJ
UNION53H,UNION STATUS AT RD 5/3 CMJ (IMP)
VAEV22,EVER HAVE VA DURING 2022
VAPAP22,COVERED BY VA IN APR22
VAPAU22,COVERED BY VA IN AUG22
VAPDE22,COVERED BY VA IN DEC22
VAPFE22,COVERED BY VA IN FEB22
VAPJA22,COVERED BY VA IN JAN22
VAPJL22,COVERED BY VA IN JUL22
VAPJU22,COVERED BY VA IN JUN22
VAPMA22,COVERED BY VA IN MAR22
VAPMY22,COVERED BY VA IN MAY22
VAPNO22,COVERED BY VA IN NOV22
VAPOC22,COVERED BY VA IN OCT22
VAPRAT22,COV BY VA-ANY TME IN R5/3 TIL 12/31/22
VAPRAT31,COV BY VA - ANY TIME IN R3/1
VAPRAT42,COV BY VA - ANY TIME IN R4/2
VAPRAT53,COV BY VA - ANY TIME IN R5/3
VAPROG22,COV BY VA- 12/31/22
VAPROG31,COV BY VA - R3/1 INT DT
VAPROG42,COV BY VA - R4/2 INT DT
VAPROG53,COV BY VA 12-31/R3 INT DT
VAPSE22,COVERED BY VA IN SEP22
VARPSU,"VARIANCE ESTIMATION PSU, 2022"
VARSTR,"VARIANCE ESTIMATION STRATUM, 2022"
VERFLG22,"PID GAINED COVG THRU VERIFICATION IN R5/R3
UNTIL 12/31/22"
VERFLG31,PID GAINED COVG THRU VERIFICATION R3/1
VERFLG42,PID GAINED COVG THRU VERIFICATION R4/2
VETIMP22,VETERAN'S INCOME IMPUTATION FLAG
VETSP22X,PERSON'S VETERAN'S INCOME
VISEXP22,TOTAL GLASSES/CONTACT LENS EXP 22
VISMCD22,GLASSES/CNTCT LENSES-MEDICAID AMT 22
VISMCR22,GLASSES/CNTCT LENSES-MEDICARE AMT 22
VISOFD22,GLASSES/CNTCT LENSES-OTHR FED AMT 22
VISOSR22,GLASES/CNTCT LENSE-OT UNCLAS SRCE AMT 22
VISOTH22,GLASSES/CNTCT LENSES -OTH COMBINED AMT 22
VISPRV22,GLASSES/CNTCT LENSES-PRIV INS AMT 22
VISPTR22,GLASSES/CNTCT LENSES -PRV & TRI AMT 22
VISSLF22,GLASSES/CNTCT LENSES -SELF/FAM AMT 22
VISSTL22,GLASSES/CNTCT LENSES-OTH ST/LOCL AMT 22
VISTCH22,GLASSES/CONTACT LENSES CHARGES 22
VISTRI22,GLASSES/LENSES-TRICARE AMT 22
VISVA22,GLASSES/CNTCT LENSES-VA/CHAMPVA AMT 22
VISWCP22,GLASSES/CNTCT LENSES-WORKERS COMP AMT 22
VMCS42,SAQ:MNT COMPONENT SUMMRY VR-12 IMPUTED
VPCS42,SAQ:PHY COMPONENT SUMMRY VR-12 IMPUTED
VRFLAG42,SAQ: VPCS42/VMCS42 IMPUTATION FLAG VR-12
WAGEP22X,PERSON'S WAGE INCOME
WAGIMP22,WAGE IMPUTATION FLAG
WCMPP22X,PERSON'S WORKERS' COMPENSATION
WCPIMP22,WORKERS' COMP IMPUTATION FLAG
WHITPR42,IS PROVIDER WHITE-R4/2
WHNBST42,WHEN DR ADVISE BOOST SEAT(40<WT<=80)-R4/2
WHNEAT42,WHEN DR ADVISE EAT HEALTHY (2-17)-R4/2
WHNHEL42,WHEN DR ADVISE BIKE HELMET (2-17)-R4/2
WHNHGT42,WHEN DOCTOR MEASURED HEIGHT (0-17)-R4/2
WHNLAP42,WHN DR ADVISE LAP/SHLDR BLT (80<WT)-R4/2
WHNPHY42,WHEN DR ADVISE EXERCISE (2-17)-R4/2
WHNSAF42,WHEN DR ADVISE SAFETY SEAT (WT<=40)-R4/2
WHNSMK42,WHN DR ADVIS SMKG IN HOME BAD(0-17)-R4/2
WHNWGT42,WHEN DOCTOR MEASURED WEIGHT (0-17)-R4/2
WHTLGSPK,WHAT LANGUAGE SPOKEN OTHER THAN ENGLISH
WILFIL22,WILL PERSON FILE FED INCOME TAX RETURN
WLKDIF31,DIFFICULTY WALKING 3 BLOCKS - RD 3/1
WLKLIM31,LIMITATION IN PHYSICAL FUNCTIONING - RD 3/1
WRKLIM31,WORK LIMITATION - RD 3/1
YCHJ3142,WHY CHNGD JOB BETWEEN RD 3/1 AND RD 4/2
YCHJ4253,WHY CHNGD JOB BETWEEN RD 4/2 AND RD 5/3
YNOUSC42_M18,MAIN REAS PERS DOESNT HAVE USC-R4/2
YRSINUS,YEARS PERSON LIVED IN THE US
